metric_a,unit_a,metric_b,unit_b,correlation-fio-randread-cores1,correlation-fio-randwrite-cores1,correlation-gapbs-bc-cores1,correlation-gapbs-pr-cores1,correlation-redis-get-cores2,correlation-redis-set-cores2,correlation-stream-cores1,average_correlation
drd_occ_agg,occupancy_cycles,drd_occupancy,request_seconds,1,1,1,1,1,1,1,1
rpq_occ_agg,occupancy_cycles,rpq_occupancy,queue_entry_seconds,1,1,1,1,1,1,1,1
drd_inserts,transactions,drd_occ_agg,occupancy_cycles,0.99999379462961091,0.99998765243471277,0.99999180091872153,0.99999891716531764,0.99999486186692399,0.99996669713777786,0.99772633881736383,0.99966572328148984
drd_inserts,transactions,drd_occupancy,request_seconds,0.99999379462961091,0.99998765243471277,0.99999180091872164,0.99999891716531786,0.9999948618669241,0.99996669713777786,0.9977263388173625,0.99966572328148973
acts_read,events,read_activations,events,0.99999963415177917,0.99252119920931292,0.99339660181392409,0.99284057355584243,0.95637215253758223,0.99015444256852847,0.99839105376777559,0.98909652251496361
acts_read,events,rpq_occ_agg,occupancy_cycles,0.99553019080440075,0.69101572403156797,0.89560262070189622,0.98645557586517596,0.99241565219482908,0.99261524529157885,0.91791958442296917,0.92450779904463121
acts_read,events,rpq_occupancy,queue_entry_seconds,0.99553019080440075,0.69101572403156841,0.89560262070189622,0.98645557586517585,0.99241565219482886,0.99261524529157874,0.91791958442296717,0.92450779904463087
read_activations,events,rpq_occ_agg,occupancy_cycles,0.99554360207776149,0.67298279446172493,0.9259834710781083,0.96372854445180567,0.92685771575373255,0.97486912769029155,0.90408860258603463,0.90915055115706556
read_activations,events,rpq_occupancy,queue_entry_seconds,0.99554360207776138,0.67298279446172549,0.92598347107810819,0.96372854445180589,0.92685771575373244,0.97486912769029144,0.9040886025860323,0.90915055115706533
acts_byp,events,read_activations,events,0.82925582630110273,0.90182481192229402,0.29840530835412304,0.90547581221948104,0.68940169731532586,0.60844273476301369,0.7522342712741894,0.71214863744993284
acts_byp,events,acts_read,events,0.8287774704102816,0.84233253700328137,0.18693109544822478,0.84830005494803018,0.44769633977778028,0.49136508460270878,0.71366217410747834,0.62272353661396929
acts_byp,events,rpq_occ_agg,occupancy_cycles,0.83408460336029044,0.52526532632210865,0.47818741052437691,0.76736832568927504,0.3761667892854097,0.43812663204685165,0.50246779796451424,0.56023812645611815
acts_byp,events,rpq_occupancy,queue_entry_seconds,0.83408460336029044,0.52526532632210921,0.47818741052437691,0.76736832568927593,0.37616678928540964,0.43812663204685209,0.50246779796450736,0.56023812645611737
drd_latency,ns,drd_occupancy,request_seconds,0.92091249469068792,0.57083521180545393,0.79589491059360884,0.023233980950786562,0.72581271536686753,0.59349360696071407,0.19821724893262879,0.54691430990010681
drd_latency,ns,drd_occ_agg,occupancy_cycles,0.92091249469068803,0.57083521180545393,0.79589491059360884,0.02323398095078695,0.72581271536686709,0.59349360696071596,0.19821724893260931,0.54691430990010426
drd_inserts,transactions,drd_latency,ns,0.91964128284792579,0.56719090129353522,0.79357734455773099,0.021782653816987452,0.72378933919915256,0.58820115189240985,0.13182665661460966,0.5351441900317645
memreadbw,MB/s,memwritebw,MB/s,0.90909279462448001,0.48032929826954379,-0.1628106033026254,-0.88120808368217807,0.96677058832598506,0.99107819037978651,0.82633807838834306,0.44708432328619069
drd_latency,ns,rpq_occupancy,queue_entry_seconds,0.36522683204492862,0.071484335798655763,0.26788071938479857,0.11936985672164926,0.10229476872342161,0.21764850827777737,-0.099423676589904794,0.14921162062304663
drd_latency,ns,rpq_occ_agg,occupancy_cycles,0.36522683204492867,0.071484335798655554,0.26788071938479852,0.11936985672164648,0.10229476872342158,0.21764850827777688,-0.099423676589907181,0.1492116206230458
acts_read,events,drd_latency,ns,0.36454398449493303,-0.044461675907655519,0.23188009463666392,0.10341072551117826,0.10953084843440222,0.22641998747229941,-0.072640044575763452,0.13124056000943685
drd_latency,ns,read_activations,events,0.36452861443441975,-0.039815895540693674,0.23867357655685661,0.11937365891318623,0.050297403456868714,0.19606519393341068,-0.072099041425013374,0.12243193004700499
acts_byp,events,cpu_util,percent,-0.027598269464961182,0.45828712983143677,0.021001292833017791,0.14768183979499516,0.12968488540811246,0.15822016341219403,-0.068038183387258366,0.11703412263250523
drd_inserts,transactions,rpq_occupancy,queue_entry_seconds,0.42405580340650151,0.15837294904006241,0.12856883173181774,-0.01820124676187589,0.096685641968694988,0.0049092468178639579,-0.036014381258688499,0.10833954927776802
drd_inserts,transactions,rpq_occ_agg,occupancy_cycles,0.42405580340650151,0.15837294904006277,0.12856883173181763,-0.018201246761877184,0.096685641968695182,0.0049092468178640351,-0.03601438125869548,0.10833954927776691
drd_occ_agg,occupancy_cycles,rpq_occupancy,queue_entry_seconds,0.42377725298161689,0.15852889665246725,0.12931668020887369,-0.017982652895819552,0.096898085197056838,0.0057685707179260318,-0.042279352086386821,0.10771821153939062
drd_occ_agg,occupancy_cycles,rpq_occ_agg,occupancy_cycles,0.42377725298161689,0.15852889665246764,0.12931668020887357,-0.01798265289582086,0.096898085197057046,0.0057685707179260829,-0.042279352086393891,0.1077182115393895
drd_occupancy,request_seconds,rpq_occupancy,queue_entry_seconds,0.42377725298161678,0.15852889665246728,0.12931668020887352,-0.01798265289581891,0.096898085197057157,0.0057685707179281525,-0.042279352086410017,0.1077182115393877
drd_occupancy,request_seconds,rpq_occ_agg,occupancy_cycles,0.42377725298161684,0.15852889665246764,0.12931668020887341,-0.017982652895820208,0.096898085197057351,0.0057685707179282323,-0.042279352086417067,0.10771821153938659
cpu_util,percent,l1_miss_latency,ns,-0.2791828945587288,0.63298165868838197,-0.12241522277653444,0.1406742738616443,0.067378059295062673,0.26361303824909021,0.048572855110377733,0.10737453826704195
acts_byp,events,l1_miss_latency,ns,-0.15876411678750355,0.45355286194808048,0.3218150324546975,-0.14761184249328732,0.12660702119543754,0.12689118571441874,-0.031643409594747714,0.098692390348156536
acts_read,events,drd_inserts,transactions,0.42037559305875849,0.15115637007168065,0.11356620730724078,-0.024225341426746285,0.095799157214157979,0.025347180999469292,-0.11238896071213021,0.095661458073204378
acts_read,events,drd_occ_agg,occupancy_cycles,0.42008582168002645,0.15038869872272029,0.11402140238455756,-0.024030694552951239,0.096025996870428884,0.026013548176965582,-0.11615776925260447,0.095192429147020433
acts_read,events,drd_occupancy,request_seconds,0.42008582168002639,0.15038869872272034,0.11402140238455745,-0.024030694552950607,0.096025996870429259,0.026013548176967889,-0.11615776925263624,0.095192429147016352
cpu_util,percent,read_activations,events,0.034479769783427219,0.35400673364348229,0.07656616233055577,0.10820979166865904,0.019566033155642971,0.10988982526275347,-0.085845190838723204,0.088124732143685366
drd_inserts,transactions,read_activations,events,0.42035653638692799,0.16662327905330823,0.11588450334994703,-0.033695878377271282,0.027068735557743619,0.027170838164899458,-0.11959327029534431,0.086259249120030107
drd_occ_agg,occupancy_cycles,read_activations,events,0.42006692082794372,0.16578322458046946,0.11639286161819377,-0.033477037393279202,0.027253309177232177,0.027596410560264271,-0.12323529796718502,0.085768627343377021
drd_occupancy,request_seconds,read_activations,events,0.42006692082794367,0.16578322458046954,0.11639286161819362,-0.03347703739327855,0.027253309177232534,0.027596410560267032,-0.12323529796721608,0.085768627343373108
acts_read,events,cpu_util,percent,0.034565761560543806,0.31208061453310443,0.076282523767876212,0.093446838090932238,-0.028150895696694784,0.092693576247852363,-0.085409093585277193,0.070787046416905294
drd_inserts,transactions,l1_miss_latency,ns,-0.077381633577391792,0.39720236047153629,0.051336590507923795,-0.16770307341913535,-0.041371197318885181,0.056590954866425028,0.23314958601176872,0.06454622679174879
drd_occ_agg,occupancy_cycles,l1_miss_latency,ns,-0.07642477618427293,0.39692624857257619,0.052457688784899537,-0.16796405371458684,-0.041127820211512359,0.056846864219523487,0.22519807374890632,0.063701746459361913
drd_occupancy,request_seconds,l1_miss_latency,ns,-0.07642477618427293,0.3969262485725763,0.052457688784899592,-0.16796405371458739,-0.041127820211512477,0.05684686421952502,0.22519807374885781,0.063701746459355127
rpq_occ_agg,occupancy_cycles,wpq_full_cycles,cycles,0.06521401125915921,0.1475700559618591,-0.0064772458788953519,0.11295791326334759,-0.039004129206308837,0.040079865734910437,0.12002323452647545,0.062909100808649657
rpq_occupancy,queue_entry_seconds,wpq_full_cycles,cycles,0.065214011259159183,0.14757005596185924,-0.006477245878895279,0.11295791326334853,-0.039004129206308989,0.040079865734909591,0.12002323452647461,0.06290910080864956
memwritebw,MB/s,wpq_full_cycles,cycles,0.12566273255935359,-0.035075182344754492,0.0060818774106930389,0.24627062512866399,0.1409376757695853,0.069442762355820059,-0.13314038892243615,0.060025728850989335
cpu_util,percent,wpq_full_cycles,cycles,0.073867551142254351,0.14967490457327071,0.080220543788906584,0.1300485120870154,0.015806374790212806,-0.05128942244179209,0.020493006669833502,0.059831638658528752
l1_miss_latency,ns,memwritebw,MB/s,0.12269877852169563,0.18309004912854829,0.58631227999027091,0.020266960970466472,-0.24435214574605774,-0.16276028671720433,-0.089032043669907482,0.059460513211115965
cpu_util,percent,drd_occupancy,request_seconds,0.12847202357118037,0.49852288636522707,0.029152190769692429,-0.011296286864663789,-0.13700217848268045,-0.1822184793004249,0.035905522927068459,0.051647954140771314
cpu_util,percent,drd_occ_agg,occupancy_cycles,0.12847202357118032,0.49852288636522701,0.029152190769692495,-0.011296286864663484,-0.13700217848268034,-0.18221847930042509,0.035905522927022253,0.051647954140764736
cpu_util,percent,drd_inserts,transactions,0.12928260812621886,0.49986834930843493,0.028732283557246996,-0.011337811484860547,-0.13710910518690636,-0.18222461640129553,0.032748166121927373,0.051422839148680823
acts_byp,events,drd_latency,ns,0.29215834316937356,-0.018408169927655305,0.11462487955942201,0.1617700234291253,-0.11763313266174501,-0.063742985675760394,-0.046600960380815029,0.046023999644563593
acts_read,events,wpq_full_cycles,cycles,0.072820528328413348,0.20758555556432998,-0.024217890341363166,0.10168515609073177,-0.044126467603886693,0.044963643327529314,-0.045984706140272474,0.044675117032211727
read_activations,events,wpq_full_cycles,cycles,0.072659536780542155,0.20864067861539365,-0.02656260402891257,0.092938890829095219,-0.047950864274413224,0.050255131885521061,-0.051653387319795609,0.042618197498204384
drd_latency,ns,wpq_full_cycles,cycles,-0.0027763288816865439,-0.029222805907501464,0.049735868141822251,-0.033578311079343733,0.14040093259278133,0.056838223353373851,0.098468919280764539,0.039980928214315752
cpu_util,percent,rpq_occ_agg,occupancy_cycles,-0.0140573209468628,0.14693456760603302,0.10021566905156402,0.060052217918477896,-0.0058938655440095153,0.071157270600602146,-0.093493932971400434,0.037844943673486335
cpu_util,percent,rpq_occupancy,queue_entry_seconds,-0.014057320946862798,0.14693456760603285,0.10021566905156397,0.060052217918478819,-0.0058938655440096462,0.07115727060060098,-0.093493932971402668,0.037844943673485933
drd_latency,ns,l1_miss_latency,ns,0.027795426655886378,0.28285423327668868,0.13244730140472533,-0.18458763908198439,-0.0187992305781906,0.10141659878469494,-0.081441318498670798,0.037097910280449939
acts_byp,events,drd_inserts,transactions,0.33603198729113359,0.20060251142181118,0.047500392516671076,-0.06330267965967197,-0.15468172450960938,0.025354304156501306,-0.17144024281553522,0.031437792628757226
acts_byp,events,drd_occ_agg,occupancy_cycles,0.33589369568812211,0.19961095223913289,0.048066424644868884,-0.063024129042781707,-0.15467924242938863,0.02422432451727561,-0.17263861749297671,0.031064772589178922
acts_byp,events,drd_occupancy,request_seconds,0.33589369568812222,0.19961095223913292,0.048066424644868877,-0.063024129042781055,-0.15467924242938846,0.0242243245172796,-0.17263861749299114,0.031064772589177565
drd_occupancy,request_seconds,wpq_full_cycles,cycles,0.034182130738016736,0.070147942226777879,0.1907429795287918,0.090999072352698523,0.067456479184359042,0.0034285833694389328,-0.26601669745678053,0.027277212849043195
drd_occ_agg,occupancy_cycles,wpq_full_cycles,cycles,0.034182130738016708,0.07014794222677781,0.19074297952879177,0.090999072352698454,0.067456479184359264,0.0034285833694381413,-0.26601669745682749,0.027277212849036381
drd_inserts,transactions,wpq_full_cycles,cycles,0.034663871989289406,0.071130281295431946,0.19143844167668755,0.091023816226302595,0.067051375824919338,0.0028747507546066273,-0.27598704475200203,0.026027927573605062
acts_byp,events,memwritebw,MB/s,-0.13524453935398509,0.23779659472389356,0.35968629235622512,-0.097582884158338962,-0.2398242918432997,-0.12141084227154096,0.16323696404233662,0.023808184785041511
cpu_util,percent,drd_latency,ns,0.06524252791927615,0.12871883244699306,0.065668396487285147,0.0275639589230805,-0.089942352687998328,-0.093485073596437152,0.062454100499873828,0.0237457699988676
drd_latency,ns,memreadbw,MB/s,-0.016366472532827921,0.014341369797125863,-0.48886155271717546,0.20896091354302154,0.19277548044785214,0.15569905953095933,0.098348031386857299,0.023556689922258973
drd_occupancy,request_seconds,memwritebw,MB/s,-0.015154717764571307,0.089469075007108836,-0.044109329104023043,0.020840292340899735,0.078679674157691795,0.10887945006683904,-0.12363964943283519,0.016423542181587123
drd_occ_agg,occupancy_cycles,memwritebw,MB/s,-0.015154717764571262,0.089469075007108781,-0.044109329104023168,0.020840292340898701,0.07867967415769142,0.10887945006683784,-0.12363964943286762,0.016423542181582099
drd_inserts,transactions,memwritebw,MB/s,-0.015167046312552751,0.090258078977910869,-0.044641650726241822,0.02113603143307383,0.078269923039844716,0.10761749493069477,-0.13008711531583506,0.015340816575270649
acts_byp,events,wpq_full_cycles,cycles,-0.044947570859257699,0.18636886628673699,-0.025972771135563063,0.050714109664138043,-0.037352845369651111,0.057771761397406522,-0.10375974981815443,0.011831685737950751
drd_latency,ns,memwritebw,MB/s,-0.034136635311238062,-0.10651550804983227,-0.0013880881424131336,-0.19660178360961039,0.17254227961920818,0.11318784500400493,0.07692345554217643,0.0034302235788993829
drd_occupancy,request_seconds,memreadbw,MB/s,-0.0054567127356118439,0.042512043940159873,0.0057099104273910647,-0.0022272059332346245,0.045753487424619203,0.14493144582817596,-0.21426184916956553,0.0024230171117048719
drd_occ_agg,occupancy_cycles,memreadbw,MB/s,-0.0054567127356117988,0.042512043940159852,0.0057099104273909893,-0.0022272059332340685,0.045753487424618745,0.14493144582817521,-0.21426184916957564,0.0024230171117033288
drd_inserts,transactions,memreadbw,MB/s,-0.0056796726276750068,0.042831663604473186,0.0085579280824027992,-0.0025352288287496011,0.045133046068331406,0.14358196989038655,-0.2228218308064,0.0012954107689670468
cpu_util,percent,memwritebw,MB/s,-0.042092197769802379,0.21515915454504822,0.0015690185428822697,-0.010229134201034199,-0.18966791706593067,0.10837301596498709,-0.098210664929825053,-0.0021569607019535308
l1_miss_latency,ns,wpq_full_cycles,cycles,-0.076437647792784461,0.1066527462045208,-0.18677318050222266,0.11082604812038119,-0.041556732763541243,-0.025504479532512742,0.0024272297430991629,-0.015766573789008566
memreadbw,MB/s,wpq_full_cycles,cycles,0.050725156714394606,-0.025977311410384559,0.092876461279541953,-0.15363286666986614,0.090855201563553672,0.063255644017292736,-0.28380456027859158,-0.023671753540579901
memwritebw,MB/s,rpq_occ_agg,occupancy_cycles,-0.033372751589449703,0.11563598167649858,-0.279659973408656,0.13260169941344718,0.030755806402308863,-0.064288022035460538,-0.12893655364069651,-0.032466259026001157
memwritebw,MB/s,rpq_occupancy,queue_entry_seconds,-0.033372751589449752,0.11563598167649838,-0.279659973408656,0.13260169941344524,0.030755806402308888,-0.064288022035459969,-0.12893655364070558,-0.032466259026002683
cpu_util,percent,memreadbw,MB/s,-0.0044809173795034435,0.089731461205689964,-0.097101098578084424,-0.079788089244767088,-0.16088481419821374,0.063545967661562078,-0.083724065652795054,-0.038957365169444529
l1_miss_latency,ns,read_activations,events,-0.14658979847166406,0.38944413941551892,-0.45574215448749,-0.14430364984992128,-0.041420044893347788,0.056473814714967409,0.068679272058536758,-0.039065488787628576
acts_read,events,memreadbw,MB/s,0.02363742872349112,-0.20654811166362513,-0.19718603545290492,-0.0035794190793182611,-0.0033022897510373845,-0.060200096207687813,0.15916127923379456,-0.041145320599612553
l1_miss_latency,ns,rpq_occupancy,queue_entry_seconds,-0.14058903060939759,0.15489480684662596,-0.26497208030020325,-0.16863827737273893,-0.088812681148834463,0.060080349275830516,0.13733848066327192,-0.044385490377920833
l1_miss_latency,ns,rpq_occ_agg,occupancy_cycles,-0.14058903060939756,0.15489480684662538,-0.26497208030020331,-0.16863827737273768,-0.088812681148834671,0.060080349275830586,0.13733848066326584,-0.044385490377921624
memreadbw,MB/s,read_activations,events,0.023518068682980838,-0.16175578420831435,-0.21840291653371757,0.030137398403448517,-0.093612968163750462,-0.078492836332665281,0.16741870699046657,-0.047312904451650248
acts_byp,events,memreadbw,MB/s,-0.058486800631160477,0.016958965211325051,-0.22967684832231194,0.14631863089966582,-0.27833283468243392,-0.14708586643307442,0.21875925506192229,-0.047363642699438227
acts_read,events,memwritebw,MB/s,-0.015709550957627664,0.13630312546723974,-0.57217061439336647,0.086688029933229063,0.048225379772727971,-0.058626344075976451,0.034563746041778226,-0.048675175458856516
memwritebw,MB/s,read_activations,events,-0.015896382665473649,0.16313925402146057,-0.51389332142870769,0.047466434697596226,-0.039288801617249805,-0.0729323847986353,0.045725184649156855,-0.055097145305978971
acts_read,events,l1_miss_latency,ns,-0.14653280174652239,0.35761895784622372,-0.50776510718315948,-0.13850038714555118,-0.10219177204516176,0.039596821713262682,0.075737995778287423,-0.060290898968945857
l1_miss_latency,ns,memreadbw,MB/s,0.055789103321814366,0.15831281898027452,-0.086895087583499689,-0.065793043873725088,-0.21549850993799144,-0.1688739464177052,-0.11809356317241243,-0.063007461240463566
memreadbw,MB/s,rpq_occ_agg,occupancy_cycles,0.0059455215762820573,-0.1108259293107752,-0.26679847772762461,-0.037013762542130818,-0.01425395030669682,-0.064633422906700114,-0.035808118369208851,-0.074769734226693488
memreadbw,MB/s,rpq_occupancy,queue_entry_seconds,0.0059455215762820582,-0.11082592931077552,-0.26679847772762461,-0.037013762542129271,-0.014253950306696772,-0.064633422906699489,-0.035808118369217379,-0.074769734226694418
