experiment,collection_window,metric,scope,sample_index,value,unit
correlation-stream-cores1,pcm_memory,memreadbw,SKT0CHAN0,0,2001.39,MB/s
correlation-stream-cores1,pcm_memory,memreadbw,SKT0CHAN0,1,2007.56,MB/s
correlation-stream-cores1,pcm_memory,memreadbw,SKT0CHAN0,2,2001.38,MB/s
correlation-stream-cores1,pcm_memory,memreadbw,SKT0CHAN0,3,1997.82,MB/s
correlation-stream-cores1,pcm_memory,memreadbw,SKT0CHAN1,0,2001.84,MB/s
correlation-stream-cores1,pcm_memory,memreadbw,SKT0CHAN1,1,2008.16,MB/s
correlation-stream-cores1,pcm_memory,memreadbw,SKT0CHAN1,2,2001.91,MB/s
correlation-stream-cores1,pcm_memory,memreadbw,SKT0CHAN1,3,1998.23,MB/s
correlation-stream-cores1,pcm_memory,memreadbw,SKT0CHAN2,0,2001.23,MB/s
correlation-stream-cores1,pcm_memory,memreadbw,SKT0CHAN2,1,2007.34,MB/s
correlation-stream-cores1,pcm_memory,memreadbw,SKT0CHAN2,2,2001.05,MB/s
correlation-stream-cores1,pcm_memory,memreadbw,SKT0CHAN2,3,1997.38,MB/s
correlation-stream-cores1,pcm_memory,memreadbw,SKT0CHAN3,0,2001.91,MB/s
correlation-stream-cores1,pcm_memory,memreadbw,SKT0CHAN3,1,2008.0,MB/s
correlation-stream-cores1,pcm_memory,memreadbw,SKT0CHAN3,2,2001.83,MB/s
correlation-stream-cores1,pcm_memory,memreadbw,SKT0CHAN3,3,1998.19,MB/s
correlation-stream-cores1,pcm_memory,memreadbw,SKT0CHAN4,0,2001.29,MB/s
correlation-stream-cores1,pcm_memory,memreadbw,SKT0CHAN4,1,2007.4,MB/s
correlation-stream-cores1,pcm_memory,memreadbw,SKT0CHAN4,2,2001.15,MB/s
correlation-stream-cores1,pcm_memory,memreadbw,SKT0CHAN4,3,1997.49,MB/s
correlation-stream-cores1,pcm_memory,memreadbw,SKT0CHAN5,0,2001.51,MB/s
correlation-stream-cores1,pcm_memory,memreadbw,SKT0CHAN5,1,2007.65,MB/s
correlation-stream-cores1,pcm_memory,memreadbw,SKT0CHAN5,2,2001.44,MB/s
correlation-stream-cores1,pcm_memory,memreadbw,SKT0CHAN5,3,1997.74,MB/s
correlation-stream-cores1,pcm_memory,memreadbw,SKT0CHAN6,0,2001.51,MB/s
correlation-stream-cores1,pcm_memory,memreadbw,SKT0CHAN6,1,2007.69,MB/s
correlation-stream-cores1,pcm_memory,memreadbw,SKT0CHAN6,2,2001.58,MB/s
correlation-stream-cores1,pcm_memory,memreadbw,SKT0CHAN6,3,1997.96,MB/s
correlation-stream-cores1,pcm_memory,memreadbw,SKT0CHAN7,0,2001.5,MB/s
correlation-stream-cores1,pcm_memory,memreadbw,SKT0CHAN7,1,2007.77,MB/s
correlation-stream-cores1,pcm_memory,memreadbw,SKT0CHAN7,2,2001.67,MB/s
correlation-stream-cores1,pcm_memory,memreadbw,SKT0CHAN7,3,1997.99,MB/s
correlation-stream-cores1,pcm_memory,memwritebw,SKT0CHAN0,0,2.66,MB/s
correlation-stream-cores1,pcm_memory,memwritebw,SKT0CHAN0,1,4.58,MB/s
correlation-stream-cores1,pcm_memory,memwritebw,SKT0CHAN0,2,2.04,MB/s
correlation-stream-cores1,pcm_memory,memwritebw,SKT0CHAN0,3,1.59,MB/s
correlation-stream-cores1,pcm_memory,memwritebw,SKT0CHAN1,0,2.58,MB/s
correlation-stream-cores1,pcm_memory,memwritebw,SKT0CHAN1,1,4.5,MB/s
correlation-stream-cores1,pcm_memory,memwritebw,SKT0CHAN1,2,1.94,MB/s
correlation-stream-cores1,pcm_memory,memwritebw,SKT0CHAN1,3,1.53,MB/s
correlation-stream-cores1,pcm_memory,memwritebw,SKT0CHAN2,0,2.62,MB/s
correlation-stream-cores1,pcm_memory,memwritebw,SKT0CHAN2,1,4.53,MB/s
correlation-stream-cores1,pcm_memory,memwritebw,SKT0CHAN2,2,2.0,MB/s
correlation-stream-cores1,pcm_memory,memwritebw,SKT0CHAN2,3,1.54,MB/s
correlation-stream-cores1,pcm_memory,memwritebw,SKT0CHAN3,0,2.63,MB/s
correlation-stream-cores1,pcm_memory,memwritebw,SKT0CHAN3,1,4.57,MB/s
correlation-stream-cores1,pcm_memory,memwritebw,SKT0CHAN3,2,2.01,MB/s
correlation-stream-cores1,pcm_memory,memwritebw,SKT0CHAN3,3,1.55,MB/s
correlation-stream-cores1,pcm_memory,memwritebw,SKT0CHAN4,0,2.64,MB/s
correlation-stream-cores1,pcm_memory,memwritebw,SKT0CHAN4,1,4.57,MB/s
correlation-stream-cores1,pcm_memory,memwritebw,SKT0CHAN4,2,2.05,MB/s
correlation-stream-cores1,pcm_memory,memwritebw,SKT0CHAN4,3,1.59,MB/s
correlation-stream-cores1,pcm_memory,memwritebw,SKT0CHAN5,0,2.64,MB/s
correlation-stream-cores1,pcm_memory,memwritebw,SKT0CHAN5,1,4.55,MB/s
correlation-stream-cores1,pcm_memory,memwritebw,SKT0CHAN5,2,2.02,MB/s
correlation-stream-cores1,pcm_memory,memwritebw,SKT0CHAN5,3,1.58,MB/s
correlation-stream-cores1,pcm_memory,memwritebw,SKT0CHAN6,0,2.77,MB/s
correlation-stream-cores1,pcm_memory,memwritebw,SKT0CHAN6,1,4.68,MB/s
correlation-stream-cores1,pcm_memory,memwritebw,SKT0CHAN6,2,2.14,MB/s
correlation-stream-cores1,pcm_memory,memwritebw,SKT0CHAN6,3,1.73,MB/s
correlation-stream-cores1,pcm_memory,memwritebw,SKT0CHAN7,0,2.67,MB/s
correlation-stream-cores1,pcm_memory,memwritebw,SKT0CHAN7,1,4.59,MB/s
correlation-stream-cores1,pcm_memory,memwritebw,SKT0CHAN7,2,2.06,MB/s
correlation-stream-cores1,pcm_memory,memwritebw,SKT0CHAN7,3,1.62,MB/s
correlation-stream-cores1,pcm_latency,l1_miss_latency,CORE0,0,21.01,ns
correlation-stream-cores1,pcm_latency,l1_miss_latency,CORE0,1,27.17,ns
correlation-stream-cores1,pcm_latency,l1_miss_latency,CORE0,2,23.68,ns
correlation-stream-cores1,pcm_latency,l1_miss_latency,CORE0,3,21.58,ns
correlation-stream-cores1,pcm_latency,l1_miss_latency,CORE1,0,45.98,ns
correlation-stream-cores1,pcm_latency,l1_miss_latency,CORE1,1,48.54,ns
correlation-stream-cores1,pcm_latency,l1_miss_latency,CORE1,2,48.83,ns
correlation-stream-cores1,pcm_latency,l1_miss_latency,CORE1,3,47.53,ns
correlation-stream-cores1,pcm_latency,l1_miss_latency,CORE2,0,31.01,ns
correlation-stream-cores1,pcm_latency,l1_miss_latency,CORE2,1,34.82,ns
correlation-stream-cores1,pcm_latency,l1_miss_latency,CORE2,2,31.99,ns
correlation-stream-cores1,pcm_latency,l1_miss_latency,CORE2,3,33.02,ns
correlation-stream-cores1,pcm_latency,l1_miss_latency,CORE3,0,52.4,ns
correlation-stream-cores1,pcm_latency,l1_miss_latency,CORE3,1,54.42,ns
correlation-stream-cores1,pcm_latency,l1_miss_latency,CORE3,2,58.57,ns
correlation-stream-cores1,pcm_latency,l1_miss_latency,CORE3,3,56.84,ns
correlation-stream-cores1,pcm_latency,l1_miss_latency,CORE4,0,42.75,ns
correlation-stream-cores1,pcm_latency,l1_miss_latency,CORE4,1,42.76,ns
correlation-stream-cores1,pcm_latency,l1_miss_latency,CORE4,2,42.79,ns
correlation-stream-cores1,pcm_latency,l1_miss_latency,CORE4,3,42.78,ns
correlation-stream-cores1,pcm_latency,l1_miss_latency,CORE5,0,31.19,ns
correlation-stream-cores1,pcm_latency,l1_miss_latency,CORE5,1,34.56,ns
correlation-stream-cores1,pcm_latency,l1_miss_latency,CORE5,2,36.22,ns
correlation-stream-cores1,pcm_latency,l1_miss_latency,CORE5,3,35.23,ns
correlation-stream-cores1,pcm_latency,l1_miss_latency,CORE6,0,40.07,ns
correlation-stream-cores1,pcm_latency,l1_miss_latency,CORE6,1,41.77,ns
correlation-stream-cores1,pcm_latency,l1_miss_latency,CORE6,2,47.01,ns
correlation-stream-cores1,pcm_latency,l1_miss_latency,CORE6,3,36.61,ns
correlation-stream-cores1,pcm_latency,l1_miss_latency,CORE7,0,36.95,ns
correlation-stream-cores1,pcm_latency,l1_miss_latency,CORE7,1,41.23,ns
correlation-stream-cores1,pcm_latency,l1_miss_latency,CORE7,2,42.14,ns
correlation-stream-cores1,pcm_latency,l1_miss_latency,CORE7,3,46.94,ns
correlation-stream-cores1,pcm_latency,l1_miss_latency,CORE8,0,35.77,ns
correlation-stream-cores1,pcm_latency,l1_miss_latency,CORE8,1,39.33,ns
correlation-stream-cores1,pcm_latency,l1_miss_latency,CORE8,2,39.63,ns
correlation-stream-cores1,pcm_latency,l1_miss_latency,CORE8,3,38.52,ns
correlation-stream-cores1,pcm_latency,l1_miss_latency,CORE9,0,35.26,ns
correlation-stream-cores1,pcm_latency,l1_miss_latency,CORE9,1,39.79,ns
correlation-stream-cores1,pcm_latency,l1_miss_latency,CORE9,2,37.7,ns
correlation-stream-cores1,pcm_latency,l1_miss_latency,CORE9,3,39.25,ns
correlation-stream-cores1,pcm_latency,l1_miss_latency,CORE10,0,34.24,ns
correlation-stream-cores1,pcm_latency,l1_miss_latency,CORE10,1,39.06,ns
correlation-stream-cores1,pcm_latency,l1_miss_latency,CORE10,2,39.16,ns
correlation-stream-cores1,pcm_latency,l1_miss_latency,CORE10,3,40.24,ns
correlation-stream-cores1,pcm_latency,l1_miss_latency,CORE11,0,27.46,ns
correlation-stream-cores1,pcm_latency,l1_miss_latency,CORE11,1,28.65,ns
correlation-stream-cores1,pcm_latency,l1_miss_latency,CORE11,2,28.56,ns
correlation-stream-cores1,pcm_latency,l1_miss_latency,CORE11,3,28.55,ns
correlation-stream-cores1,pcm_latency,l1_miss_latency,CORE12,0,35.94,ns
correlation-stream-cores1,pcm_latency,l1_miss_latency,CORE12,1,44.43,ns
correlation-stream-cores1,pcm_latency,l1_miss_latency,CORE12,2,41.5,ns
correlation-stream-cores1,pcm_latency,l1_miss_latency,CORE12,3,40.72,ns
correlation-stream-cores1,pcm_latency,l1_miss_latency,CORE13,0,32.3,ns
correlation-stream-cores1,pcm_latency,l1_miss_latency,CORE13,1,31.59,ns
correlation-stream-cores1,pcm_latency,l1_miss_latency,CORE13,2,31.76,ns
correlation-stream-cores1,pcm_latency,l1_miss_latency,CORE13,3,45.43,ns
correlation-stream-cores1,pcm_latency,l1_miss_latency,CORE14,0,37.42,ns
correlation-stream-cores1,pcm_latency,l1_miss_latency,CORE14,1,46.17,ns
correlation-stream-cores1,pcm_latency,l1_miss_latency,CORE14,2,46.13,ns
correlation-stream-cores1,pcm_latency,l1_miss_latency,CORE14,3,45.54,ns
correlation-stream-cores1,pcm_latency,l1_miss_latency,CORE15,0,47.43,ns
correlation-stream-cores1,pcm_latency,l1_miss_latency,CORE15,1,49.93,ns
correlation-stream-cores1,pcm_latency,l1_miss_latency,CORE15,2,50.96,ns
correlation-stream-cores1,pcm_latency,l1_miss_latency,CORE15,3,50.49,ns
correlation-stream-cores1,pcm_latency,l1_miss_latency,CORE16,0,55.48,ns
correlation-stream-cores1,pcm_latency,l1_miss_latency,CORE16,1,63.42,ns
correlation-stream-cores1,pcm_latency,l1_miss_latency,CORE16,2,65.05,ns
correlation-stream-cores1,pcm_latency,l1_miss_latency,CORE16,3,62.22,ns
correlation-stream-cores1,pcm_latency,l1_miss_latency,CORE17,0,44.12,ns
correlation-stream-cores1,pcm_latency,l1_miss_latency,CORE17,1,44.61,ns
correlation-stream-cores1,pcm_latency,l1_miss_latency,CORE17,2,48.14,ns
correlation-stream-cores1,pcm_latency,l1_miss_latency,CORE17,3,46.03,ns
correlation-stream-cores1,pcm_latency,l1_miss_latency,CORE18,0,34.06,ns
correlation-stream-cores1,pcm_latency,l1_miss_latency,CORE18,1,39.57,ns
correlation-stream-cores1,pcm_latency,l1_miss_latency,CORE18,2,34.94,ns
correlation-stream-cores1,pcm_latency,l1_miss_latency,CORE18,3,32.57,ns
correlation-stream-cores1,pcm_latency,l1_miss_latency,CORE19,0,40.38,ns
correlation-stream-cores1,pcm_latency,l1_miss_latency,CORE19,1,44.23,ns
correlation-stream-cores1,pcm_latency,l1_miss_latency,CORE19,2,42.75,ns
correlation-stream-cores1,pcm_latency,l1_miss_latency,CORE19,3,40.98,ns
correlation-stream-cores1,pcm_latency,l1_miss_latency,CORE20,0,28.4,ns
correlation-stream-cores1,pcm_latency,l1_miss_latency,CORE20,1,21.53,ns
correlation-stream-cores1,pcm_latency,l1_miss_latency,CORE20,2,24.99,ns
correlation-stream-cores1,pcm_latency,l1_miss_latency,CORE20,3,26.6,ns
correlation-stream-cores1,pcm_latency,l1_miss_latency,CORE21,0,33.8,ns
correlation-stream-cores1,pcm_latency,l1_miss_latency,CORE21,1,32.75,ns
correlation-stream-cores1,pcm_latency,l1_miss_latency,CORE21,2,32.33,ns
correlation-stream-cores1,pcm_latency,l1_miss_latency,CORE21,3,31.15,ns
correlation-stream-cores1,pcm_latency,l1_miss_latency,CORE22,0,37.95,ns
correlation-stream-cores1,pcm_latency,l1_miss_latency,CORE22,1,39.93,ns
correlation-stream-cores1,pcm_latency,l1_miss_latency,CORE22,2,41.24,ns
correlation-stream-cores1,pcm_latency,l1_miss_latency,CORE22,3,47.06,ns
correlation-stream-cores1,pcm_latency,l1_miss_latency,CORE23,0,42.82,ns
correlation-stream-cores1,pcm_latency,l1_miss_latency,CORE23,1,47.92,ns
correlation-stream-cores1,pcm_latency,l1_miss_latency,CORE23,2,48.54,ns
correlation-stream-cores1,pcm_latency,l1_miss_latency,CORE23,3,38.76,ns
correlation-stream-cores1,pcm_latency,l1_miss_latency,CORE24,0,36.52,ns
correlation-stream-cores1,pcm_latency,l1_miss_latency,CORE24,1,37.89,ns
correlation-stream-cores1,pcm_latency,l1_miss_latency,CORE24,2,38.03,ns
correlation-stream-cores1,pcm_latency,l1_miss_latency,CORE24,3,33.79,ns
correlation-stream-cores1,pcm_latency,l1_miss_latency,CORE25,0,39.58,ns
correlation-stream-cores1,pcm_latency,l1_miss_latency,CORE25,1,37.55,ns
correlation-stream-cores1,pcm_latency,l1_miss_latency,CORE25,2,37.31,ns
correlation-stream-cores1,pcm_latency,l1_miss_latency,CORE25,3,34.96,ns
correlation-stream-cores1,pcm_latency,l1_miss_latency,CORE26,0,37.49,ns
correlation-stream-cores1,pcm_latency,l1_miss_latency,CORE26,1,32.58,ns
correlation-stream-cores1,pcm_latency,l1_miss_latency,CORE26,2,38.2,ns
correlation-stream-cores1,pcm_latency,l1_miss_latency,CORE26,3,32.92,ns
correlation-stream-cores1,pcm_latency,l1_miss_latency,CORE27,0,48.61,ns
correlation-stream-cores1,pcm_latency,l1_miss_latency,CORE27,1,53.05,ns
correlation-stream-cores1,pcm_latency,l1_miss_latency,CORE27,2,54.34,ns
correlation-stream-cores1,pcm_latency,l1_miss_latency,CORE27,3,31.9,ns
correlation-stream-cores1,pcm_latency,l1_miss_latency,CORE28,0,38.89,ns
correlation-stream-cores1,pcm_latency,l1_miss_latency,CORE28,1,41.31,ns
correlation-stream-cores1,pcm_latency,l1_miss_latency,CORE28,2,39.7,ns
correlation-stream-cores1,pcm_latency,l1_miss_latency,CORE28,3,35.85,ns
correlation-stream-cores1,pcm_latency,l1_miss_latency,CORE29,0,43.96,ns
correlation-stream-cores1,pcm_latency,l1_miss_latency,CORE29,1,45.91,ns
correlation-stream-cores1,pcm_latency,l1_miss_latency,CORE29,2,48.29,ns
correlation-stream-cores1,pcm_latency,l1_miss_latency,CORE29,3,46.63,ns
correlation-stream-cores1,pcm_latency,l1_miss_latency,CORE30,0,48.68,ns
correlation-stream-cores1,pcm_latency,l1_miss_latency,CORE30,1,53.22,ns
correlation-stream-cores1,pcm_latency,l1_miss_latency,CORE30,2,56.44,ns
correlation-stream-cores1,pcm_latency,l1_miss_latency,CORE30,3,55.92,ns
correlation-stream-cores1,pcm_latency,l1_miss_latency,CORE31,0,56.53,ns
correlation-stream-cores1,pcm_latency,l1_miss_latency,CORE31,1,59.37,ns
correlation-stream-cores1,pcm_latency,l1_miss_latency,CORE31,2,56.93,ns
correlation-stream-cores1,pcm_latency,l1_miss_latency,CORE31,3,58.09,ns
correlation-stream-cores1,pcm_cha,drd_occ_agg,SKT0C0,0,927501187.0,occupancy_cycles
correlation-stream-cores1,pcm_cha,drd_occ_agg,SKT0C0,1,925100752.0,occupancy_cycles
correlation-stream-cores1,pcm_cha,drd_occ_agg,SKT0C0,2,925153651.0,occupancy_cycles
correlation-stream-cores1,pcm_cha,drd_occ_agg,SKT0C0,3,925852773.0,occupancy_cycles
correlation-stream-cores1,pcm_cha,drd_occ_agg,SKT0C1,0,937578615.0,occupancy_cycles
correlation-stream-cores1,pcm_cha,drd_occ_agg,SKT0C1,1,935177522.0,occupancy_cycles
correlation-stream-cores1,pcm_cha,drd_occ_agg,SKT0C1,2,934989228.0,occupancy_cycles
correlation-stream-cores1,pcm_cha,drd_occ_agg,SKT0C1,3,936018811.0,occupancy_cycles
correlation-stream-cores1,pcm_cha,drd_occ_agg,SKT0C2,0,923318913.0,occupancy_cycles
correlation-stream-cores1,pcm_cha,drd_occ_agg,SKT0C2,1,921249002.0,occupancy_cycles
correlation-stream-cores1,pcm_cha,drd_occ_agg,SKT0C2,2,920920290.0,occupancy_cycles
correlation-stream-cores1,pcm_cha,drd_occ_agg,SKT0C2,3,921963868.0,occupancy_cycles
correlation-stream-cores1,pcm_cha,drd_occ_agg,SKT0C3,0,986581938.0,occupancy_cycles
correlation-stream-cores1,pcm_cha,drd_occ_agg,SKT0C3,1,984117277.0,occupancy_cycles
correlation-stream-cores1,pcm_cha,drd_occ_agg,SKT0C3,2,983943755.0,occupancy_cycles
correlation-stream-cores1,pcm_cha,drd_occ_agg,SKT0C3,3,984857495.0,occupancy_cycles
correlation-stream-cores1,pcm_cha,drd_occ_agg,SKT0C4,0,683121236.0,occupancy_cycles
correlation-stream-cores1,pcm_cha,drd_occ_agg,SKT0C4,1,681538659.0,occupancy_cycles
correlation-stream-cores1,pcm_cha,drd_occ_agg,SKT0C4,2,681599109.0,occupancy_cycles
correlation-stream-cores1,pcm_cha,drd_occ_agg,SKT0C4,3,682285950.0,occupancy_cycles
correlation-stream-cores1,pcm_cha,drd_occ_agg,SKT0C5,0,772703415.0,occupancy_cycles
correlation-stream-cores1,pcm_cha,drd_occ_agg,SKT0C5,1,771243088.0,occupancy_cycles
correlation-stream-cores1,pcm_cha,drd_occ_agg,SKT0C5,2,770766586.0,occupancy_cycles
correlation-stream-cores1,pcm_cha,drd_occ_agg,SKT0C5,3,771659073.0,occupancy_cycles
correlation-stream-cores1,pcm_cha,drd_occ_agg,SKT0C6,0,970170767.0,occupancy_cycles
correlation-stream-cores1,pcm_cha,drd_occ_agg,SKT0C6,1,968159820.0,occupancy_cycles
correlation-stream-cores1,pcm_cha,drd_occ_agg,SKT0C6,2,967884399.0,occupancy_cycles
correlation-stream-cores1,pcm_cha,drd_occ_agg,SKT0C6,3,969036123.0,occupancy_cycles
correlation-stream-cores1,pcm_cha,drd_occ_agg,SKT0C7,0,895479176.0,occupancy_cycles
correlation-stream-cores1,pcm_cha,drd_occ_agg,SKT0C7,1,893718637.0,occupancy_cycles
correlation-stream-cores1,pcm_cha,drd_occ_agg,SKT0C7,2,893288929.0,occupancy_cycles
correlation-stream-cores1,pcm_cha,drd_occ_agg,SKT0C7,3,894309284.0,occupancy_cycles
correlation-stream-cores1,pcm_cha,drd_occ_agg,SKT0C8,0,900145543.0,occupancy_cycles
correlation-stream-cores1,pcm_cha,drd_occ_agg,SKT0C8,1,898452365.0,occupancy_cycles
correlation-stream-cores1,pcm_cha,drd_occ_agg,SKT0C8,2,898266300.0,occupancy_cycles
correlation-stream-cores1,pcm_cha,drd_occ_agg,SKT0C8,3,899235559.0,occupancy_cycles
correlation-stream-cores1,pcm_cha,drd_occ_agg,SKT0C9,0,938855105.0,occupancy_cycles
correlation-stream-cores1,pcm_cha,drd_occ_agg,SKT0C9,1,936903604.0,occupancy_cycles
correlation-stream-cores1,pcm_cha,drd_occ_agg,SKT0C9,2,936561879.0,occupancy_cycles
correlation-stream-cores1,pcm_cha,drd_occ_agg,SKT0C9,3,937696892.0,occupancy_cycles
correlation-stream-cores1,pcm_cha,drd_occ_agg,SKT0C10,0,860848656.0,occupancy_cycles
correlation-stream-cores1,pcm_cha,drd_occ_agg,SKT0C10,1,858849711.0,occupancy_cycles
correlation-stream-cores1,pcm_cha,drd_occ_agg,SKT0C10,2,858593930.0,occupancy_cycles
correlation-stream-cores1,pcm_cha,drd_occ_agg,SKT0C10,3,859653490.0,occupancy_cycles
correlation-stream-cores1,pcm_cha,drd_occ_agg,SKT0C11,0,908567648.0,occupancy_cycles
correlation-stream-cores1,pcm_cha,drd_occ_agg,SKT0C11,1,906715788.0,occupancy_cycles
correlation-stream-cores1,pcm_cha,drd_occ_agg,SKT0C11,2,906497510.0,occupancy_cycles
correlation-stream-cores1,pcm_cha,drd_occ_agg,SKT0C11,3,907491121.0,occupancy_cycles
correlation-stream-cores1,pcm_cha,drd_occ_agg,SKT0C12,0,848496143.0,occupancy_cycles
correlation-stream-cores1,pcm_cha,drd_occ_agg,SKT0C12,1,846540513.0,occupancy_cycles
correlation-stream-cores1,pcm_cha,drd_occ_agg,SKT0C12,2,846414602.0,occupancy_cycles
correlation-stream-cores1,pcm_cha,drd_occ_agg,SKT0C12,3,847218028.0,occupancy_cycles
correlation-stream-cores1,pcm_cha,drd_occ_agg,SKT0C13,0,857216801.0,occupancy_cycles
correlation-stream-cores1,pcm_cha,drd_occ_agg,SKT0C13,1,855276559.0,occupancy_cycles
correlation-stream-cores1,pcm_cha,drd_occ_agg,SKT0C13,2,855043448.0,occupancy_cycles
correlation-stream-cores1,pcm_cha,drd_occ_agg,SKT0C13,3,855911326.0,occupancy_cycles
correlation-stream-cores1,pcm_cha,drd_occ_agg,SKT0C14,0,858969507.0,occupancy_cycles
correlation-stream-cores1,pcm_cha,drd_occ_agg,SKT0C14,1,857232853.0,occupancy_cycles
correlation-stream-cores1,pcm_cha,drd_occ_agg,SKT0C14,2,856951023.0,occupancy_cycles
correlation-stream-cores1,pcm_cha,drd_occ_agg,SKT0C14,3,857791378.0,occupancy_cycles
correlation-stream-cores1,pcm_cha,drd_occ_agg,SKT0C15,0,909450811.0,occupancy_cycles
correlation-stream-cores1,pcm_cha,drd_occ_agg,SKT0C15,1,907461370.0,occupancy_cycles
correlation-stream-cores1,pcm_cha,drd_occ_agg,SKT0C15,2,907220449.0,occupancy_cycles
correlation-stream-cores1,pcm_cha,drd_occ_agg,SKT0C15,3,908169557.0,occupancy_cycles
correlation-stream-cores1,pcm_cha,drd_inserts,SKT0C0,0,12523678.0,transactions
correlation-stream-cores1,pcm_cha,drd_inserts,SKT0C0,1,12491080.0,transactions
correlation-stream-cores1,pcm_cha,drd_inserts,SKT0C0,2,12492108.0,transactions
correlation-stream-cores1,pcm_cha,drd_inserts,SKT0C0,3,12502006.0,transactions
correlation-stream-cores1,pcm_cha,drd_inserts,SKT0C1,0,12507478.0,transactions
correlation-stream-cores1,pcm_cha,drd_inserts,SKT0C1,1,12475021.0,transactions
correlation-stream-cores1,pcm_cha,drd_inserts,SKT0C1,2,12472993.0,transactions
correlation-stream-cores1,pcm_cha,drd_inserts,SKT0C1,3,12486907.0,transactions
correlation-stream-cores1,pcm_cha,drd_inserts,SKT0C2,0,12522326.0,transactions
correlation-stream-cores1,pcm_cha,drd_inserts,SKT0C2,1,12494062.0,transactions
correlation-stream-cores1,pcm_cha,drd_inserts,SKT0C2,2,12490110.0,transactions
correlation-stream-cores1,pcm_cha,drd_inserts,SKT0C2,3,12503982.0,transactions
correlation-stream-cores1,pcm_cha,drd_inserts,SKT0C3,0,12504914.0,transactions
correlation-stream-cores1,pcm_cha,drd_inserts,SKT0C3,1,12473511.0,transactions
correlation-stream-cores1,pcm_cha,drd_inserts,SKT0C3,2,12471433.0,transactions
correlation-stream-cores1,pcm_cha,drd_inserts,SKT0C3,3,12483908.0,transactions
correlation-stream-cores1,pcm_cha,drd_inserts,SKT0C4,0,12507879.0,transactions
correlation-stream-cores1,pcm_cha,drd_inserts,SKT0C4,1,12479174.0,transactions
correlation-stream-cores1,pcm_cha,drd_inserts,SKT0C4,2,12479716.0,transactions
correlation-stream-cores1,pcm_cha,drd_inserts,SKT0C4,3,12492273.0,transactions
correlation-stream-cores1,pcm_cha,drd_inserts,SKT0C5,0,12511753.0,transactions
correlation-stream-cores1,pcm_cha,drd_inserts,SKT0C5,1,12488041.0,transactions
correlation-stream-cores1,pcm_cha,drd_inserts,SKT0C5,2,12480618.0,transactions
correlation-stream-cores1,pcm_cha,drd_inserts,SKT0C5,3,12494345.0,transactions
correlation-stream-cores1,pcm_cha,drd_inserts,SKT0C6,0,12504791.0,transactions
correlation-stream-cores1,pcm_cha,drd_inserts,SKT0C6,1,12478768.0,transactions
correlation-stream-cores1,pcm_cha,drd_inserts,SKT0C6,2,12475173.0,transactions
correlation-stream-cores1,pcm_cha,drd_inserts,SKT0C6,3,12490151.0,transactions
correlation-stream-cores1,pcm_cha,drd_inserts,SKT0C7,0,12513348.0,transactions
correlation-stream-cores1,pcm_cha,drd_inserts,SKT0C7,1,12489009.0,transactions
correlation-stream-cores1,pcm_cha,drd_inserts,SKT0C7,2,12483360.0,transactions
correlation-stream-cores1,pcm_cha,drd_inserts,SKT0C7,3,12497491.0,transactions
correlation-stream-cores1,pcm_cha,drd_inserts,SKT0C8,0,12502410.0,transactions
correlation-stream-cores1,pcm_cha,drd_inserts,SKT0C8,1,12479343.0,transactions
correlation-stream-cores1,pcm_cha,drd_inserts,SKT0C8,2,12476710.0,transactions
correlation-stream-cores1,pcm_cha,drd_inserts,SKT0C8,3,12489535.0,transactions
correlation-stream-cores1,pcm_cha,drd_inserts,SKT0C9,0,12511374.0,transactions
correlation-stream-cores1,pcm_cha,drd_inserts,SKT0C9,1,12485611.0,transactions
correlation-stream-cores1,pcm_cha,drd_inserts,SKT0C9,2,12481113.0,transactions
correlation-stream-cores1,pcm_cha,drd_inserts,SKT0C9,3,12497038.0,transactions
correlation-stream-cores1,pcm_cha,drd_inserts,SKT0C10,0,12508595.0,transactions
correlation-stream-cores1,pcm_cha,drd_inserts,SKT0C10,1,12479711.0,transactions
correlation-stream-cores1,pcm_cha,drd_inserts,SKT0C10,2,12476418.0,transactions
correlation-stream-cores1,pcm_cha,drd_inserts,SKT0C10,3,12492021.0,transactions
correlation-stream-cores1,pcm_cha,drd_inserts,SKT0C11,0,12512671.0,transactions
correlation-stream-cores1,pcm_cha,drd_inserts,SKT0C11,1,12487546.0,transactions
correlation-stream-cores1,pcm_cha,drd_inserts,SKT0C11,2,12484349.0,transactions
correlation-stream-cores1,pcm_cha,drd_inserts,SKT0C11,3,12498139.0,transactions
correlation-stream-cores1,pcm_cha,drd_inserts,SKT0C12,0,12521006.0,transactions
correlation-stream-cores1,pcm_cha,drd_inserts,SKT0C12,1,12492431.0,transactions
correlation-stream-cores1,pcm_cha,drd_inserts,SKT0C12,2,12490394.0,transactions
correlation-stream-cores1,pcm_cha,drd_inserts,SKT0C12,3,12502191.0,transactions
correlation-stream-cores1,pcm_cha,drd_inserts,SKT0C13,0,12504214.0,transactions
correlation-stream-cores1,pcm_cha,drd_inserts,SKT0C13,1,12475793.0,transactions
correlation-stream-cores1,pcm_cha,drd_inserts,SKT0C13,2,12472554.0,transactions
correlation-stream-cores1,pcm_cha,drd_inserts,SKT0C13,3,12485429.0,transactions
correlation-stream-cores1,pcm_cha,drd_inserts,SKT0C14,0,12518471.0,transactions
correlation-stream-cores1,pcm_cha,drd_inserts,SKT0C14,1,12492998.0,transactions
correlation-stream-cores1,pcm_cha,drd_inserts,SKT0C14,2,12489141.0,transactions
correlation-stream-cores1,pcm_cha,drd_inserts,SKT0C14,3,12501275.0,transactions
correlation-stream-cores1,pcm_cha,drd_inserts,SKT0C15,0,12501694.0,transactions
correlation-stream-cores1,pcm_cha,drd_inserts,SKT0C15,1,12474334.0,transactions
correlation-stream-cores1,pcm_cha,drd_inserts,SKT0C15,2,12470941.0,transactions
correlation-stream-cores1,pcm_cha,drd_inserts,SKT0C15,3,12484546.0,transactions
correlation-stream-cores1,pcm_cha,drd_occupancy,SKT0C0,0,0.3864588279166667,request_seconds
correlation-stream-cores1,pcm_cha,drd_occupancy,SKT0C0,1,0.3854586466666667,request_seconds
correlation-stream-cores1,pcm_cha,drd_occupancy,SKT0C0,2,0.3854806879166667,request_seconds
correlation-stream-cores1,pcm_cha,drd_occupancy,SKT0C0,3,0.38577198875,request_seconds
correlation-stream-cores1,pcm_cha,drd_occupancy,SKT0C1,0,0.39065775625,request_seconds
correlation-stream-cores1,pcm_cha,drd_occupancy,SKT0C1,1,0.38965730083333333,request_seconds
correlation-stream-cores1,pcm_cha,drd_occupancy,SKT0C1,2,0.389578845,request_seconds
correlation-stream-cores1,pcm_cha,drd_occupancy,SKT0C1,3,0.39000783791666666,request_seconds
correlation-stream-cores1,pcm_cha,drd_occupancy,SKT0C2,0,0.38471621375,request_seconds
correlation-stream-cores1,pcm_cha,drd_occupancy,SKT0C2,1,0.38385375083333334,request_seconds
correlation-stream-cores1,pcm_cha,drd_occupancy,SKT0C2,2,0.3837167875,request_seconds
correlation-stream-cores1,pcm_cha,drd_occupancy,SKT0C2,3,0.38415161166666667,request_seconds
correlation-stream-cores1,pcm_cha,drd_occupancy,SKT0C3,0,0.4110758075,request_seconds
correlation-stream-cores1,pcm_cha,drd_occupancy,SKT0C3,1,0.4100488654166667,request_seconds
correlation-stream-cores1,pcm_cha,drd_occupancy,SKT0C3,2,0.4099765645833333,request_seconds
correlation-stream-cores1,pcm_cha,drd_occupancy,SKT0C3,3,0.41035728958333334,request_seconds
correlation-stream-cores1,pcm_cha,drd_occupancy,SKT0C4,0,0.28463384833333333,request_seconds
correlation-stream-cores1,pcm_cha,drd_occupancy,SKT0C4,1,0.28397444125,request_seconds
correlation-stream-cores1,pcm_cha,drd_occupancy,SKT0C4,2,0.28399962875,request_seconds
correlation-stream-cores1,pcm_cha,drd_occupancy,SKT0C4,3,0.2842858125,request_seconds
correlation-stream-cores1,pcm_cha,drd_occupancy,SKT0C5,0,0.32195975625,request_seconds
correlation-stream-cores1,pcm_cha,drd_occupancy,SKT0C5,1,0.3213512866666667,request_seconds
correlation-stream-cores1,pcm_cha,drd_occupancy,SKT0C5,2,0.32115274416666667,request_seconds
correlation-stream-cores1,pcm_cha,drd_occupancy,SKT0C5,3,0.32152461375,request_seconds
correlation-stream-cores1,pcm_cha,drd_occupancy,SKT0C6,0,0.4042378195833333,request_seconds
correlation-stream-cores1,pcm_cha,drd_occupancy,SKT0C6,1,0.403399925,request_seconds
correlation-stream-cores1,pcm_cha,drd_occupancy,SKT0C6,2,0.40328516625,request_seconds
correlation-stream-cores1,pcm_cha,drd_occupancy,SKT0C6,3,0.40376505125,request_seconds
correlation-stream-cores1,pcm_cha,drd_occupancy,SKT0C7,0,0.37311632333333333,request_seconds
correlation-stream-cores1,pcm_cha,drd_occupancy,SKT0C7,1,0.37238276541666665,request_seconds
correlation-stream-cores1,pcm_cha,drd_occupancy,SKT0C7,2,0.37220372041666666,request_seconds
correlation-stream-cores1,pcm_cha,drd_occupancy,SKT0C7,3,0.3726288683333333,request_seconds
correlation-stream-cores1,pcm_cha,drd_occupancy,SKT0C8,0,0.3750606429166667,request_seconds
correlation-stream-cores1,pcm_cha,drd_occupancy,SKT0C8,1,0.3743551520833333,request_seconds
correlation-stream-cores1,pcm_cha,drd_occupancy,SKT0C8,2,0.374277625,request_seconds
correlation-stream-cores1,pcm_cha,drd_occupancy,SKT0C8,3,0.37468148291666664,request_seconds
correlation-stream-cores1,pcm_cha,drd_occupancy,SKT0C9,0,0.3911896270833333,request_seconds
correlation-stream-cores1,pcm_cha,drd_occupancy,SKT0C9,1,0.39037650166666665,request_seconds
correlation-stream-cores1,pcm_cha,drd_occupancy,SKT0C9,2,0.39023411625,request_seconds
correlation-stream-cores1,pcm_cha,drd_occupancy,SKT0C9,3,0.3907070383333333,request_seconds
correlation-stream-cores1,pcm_cha,drd_occupancy,SKT0C10,0,0.35868694,request_seconds
correlation-stream-cores1,pcm_cha,drd_occupancy,SKT0C10,1,0.35785404625,request_seconds
correlation-stream-cores1,pcm_cha,drd_occupancy,SKT0C10,2,0.35774747083333336,request_seconds
correlation-stream-cores1,pcm_cha,drd_occupancy,SKT0C10,3,0.3581889541666667,request_seconds
correlation-stream-cores1,pcm_cha,drd_occupancy,SKT0C11,0,0.3785698533333333,request_seconds
correlation-stream-cores1,pcm_cha,drd_occupancy,SKT0C11,1,0.377798245,request_seconds
correlation-stream-cores1,pcm_cha,drd_occupancy,SKT0C11,2,0.37770729583333335,request_seconds
correlation-stream-cores1,pcm_cha,drd_occupancy,SKT0C11,3,0.37812130041666664,request_seconds
correlation-stream-cores1,pcm_cha,drd_occupancy,SKT0C12,0,0.35354005958333334,request_seconds
correlation-stream-cores1,pcm_cha,drd_occupancy,SKT0C12,1,0.35272521375,request_seconds
correlation-stream-cores1,pcm_cha,drd_occupancy,SKT0C12,2,0.3526727508333333,request_seconds
correlation-stream-cores1,pcm_cha,drd_occupancy,SKT0C12,3,0.35300751166666666,request_seconds
correlation-stream-cores1,pcm_cha,drd_occupancy,SKT0C13,0,0.3571736670833333,request_seconds
correlation-stream-cores1,pcm_cha,drd_occupancy,SKT0C13,1,0.35636523291666666,request_seconds
correlation-stream-cores1,pcm_cha,drd_occupancy,SKT0C13,2,0.3562681033333333,request_seconds
correlation-stream-cores1,pcm_cha,drd_occupancy,SKT0C13,3,0.3566297191666667,request_seconds
correlation-stream-cores1,pcm_cha,drd_occupancy,SKT0C14,0,0.35790396125,request_seconds
correlation-stream-cores1,pcm_cha,drd_occupancy,SKT0C14,1,0.35718035541666665,request_seconds
correlation-stream-cores1,pcm_cha,drd_occupancy,SKT0C14,2,0.35706292625,request_seconds
correlation-stream-cores1,pcm_cha,drd_occupancy,SKT0C14,3,0.3574130741666667,request_seconds
correlation-stream-cores1,pcm_cha,drd_occupancy,SKT0C15,0,0.3789378379166667,request_seconds
correlation-stream-cores1,pcm_cha,drd_occupancy,SKT0C15,1,0.37810890416666665,request_seconds
correlation-stream-cores1,pcm_cha,drd_occupancy,SKT0C15,2,0.37800852041666666,request_seconds
correlation-stream-cores1,pcm_cha,drd_occupancy,SKT0C15,3,0.3784039820833333,request_seconds
correlation-stream-cores1,pcm_cha,drd_latency,SKT0C0,0,30.85825329561066,ns
correlation-stream-cores1,pcm_cha,drd_latency,SKT0C0,1,30.858712510580887,ns
correlation-stream-cores1,pcm_cha,drd_latency,SKT0C0,2,30.85793750075381,ns
correlation-stream-cores1,pcm_cha,drd_latency,SKT0C0,3,30.85680719958061,ns
correlation-stream-cores1,pcm_cha,drd_latency,SKT0C1,0,31.2339351106594,ns
correlation-stream-cores1,pcm_cha,drd_latency,SKT0C1,1,31.235001595054094,ns
correlation-stream-cores1,pcm_cha,drd_latency,SKT0C1,2,31.23379007748982,ns
correlation-stream-cores1,pcm_cha,drd_latency,SKT0C1,3,31.233342085167017,ns
correlation-stream-cores1,pcm_cha,drd_latency,SKT0C2,0,30.722424392241507,ns
correlation-stream-cores1,pcm_cha,drd_latency,SKT0C2,1,30.722894670550964,ns
correlation-stream-cores1,pcm_cha,drd_latency,SKT0C2,2,30.721649969455832,ns
correlation-stream-cores1,pcm_cha,drd_latency,SKT0C2,3,30.72234202405815,ns
correlation-stream-cores1,pcm_cha,drd_latency,SKT0C3,0,32.87314151060935,ns
correlation-stream-cores1,pcm_cha,drd_latency,SKT0C3,1,32.87357227781871,ns
correlation-stream-cores1,pcm_cha,drd_latency,SKT0C3,2,32.87325238273207,ns
correlation-stream-cores1,pcm_cha,drd_latency,SKT0C3,3,32.870899848295366,ns
correlation-stream-cores1,pcm_cha,drd_latency,SKT0C4,0,22.756364075262745,ns
correlation-stream-cores1,pcm_cha,drd_latency,SKT0C4,1,22.75586839721924,ns
correlation-stream-cores1,pcm_cha,drd_latency,SKT0C4,2,22.75689837412967,ns
correlation-stream-cores1,pcm_cha,drd_latency,SKT0C4,3,22.756932425348054,ns
correlation-stream-cores1,pcm_cha,drd_latency,SKT0C5,0,25.732585693627424,ns
correlation-stream-cores1,pcm_cha,drd_latency,SKT0C5,1,25.73272194307071,ns
correlation-stream-cores1,pcm_cha,drd_latency,SKT0C5,2,25.73211872734721,ns
correlation-stream-cores1,pcm_cha,drd_latency,SKT0C5,3,25.73361098560989,ns
correlation-stream-cores1,pcm_cha,drd_latency,SKT0C6,0,32.326635413845246,ns
correlation-stream-cores1,pcm_cha,drd_latency,SKT0C6,1,32.326903184673355,ns
correlation-stream-cores1,pcm_cha,drd_latency,SKT0C6,2,32.32701993391194,ns
correlation-stream-cores1,pcm_cha,drd_latency,SKT0C6,3,32.32667493371377,ns
correlation-stream-cores1,pcm_cha,drd_latency,SKT0C7,0,29.817465584217214,ns
correlation-stream-cores1,pcm_cha,drd_latency,SKT0C7,1,29.816838583162735,ns
correlation-stream-cores1,pcm_cha,drd_latency,SKT0C7,2,29.81598867746077,ns
correlation-stream-cores1,pcm_cha,drd_latency,SKT0C7,3,29.81629419323713,ns
correlation-stream-cores1,pcm_cha,drd_latency,SKT0C8,0,29.99906761309753,ns
correlation-stream-cores1,pcm_cha,drd_latency,SKT0C8,1,29.997985637812288,ns
correlation-stream-cores1,pcm_cha,drd_latency,SKT0C8,2,29.998102464511877,ns
correlation-stream-cores1,pcm_cha,drd_latency,SKT0C8,3,29.999634327192055,ns
correlation-stream-cores1,pcm_cha,drd_latency,SKT0C9,0,31.266719952847172,ns
correlation-stream-cores1,pcm_cha,drd_latency,SKT0C9,1,31.26611117923397,ns
correlation-stream-cores1,pcm_cha,drd_latency,SKT0C9,2,31.265970931438567,ns
correlation-stream-cores1,pcm_cha,drd_latency,SKT0C9,3,31.263971377324236,ns
correlation-stream-cores1,pcm_cha,drd_latency,SKT0C10,0,28.675238106278123,ns
correlation-stream-cores1,pcm_cha,drd_latency,SKT0C10,1,28.674866449231075,ns
correlation-stream-cores1,pcm_cha,drd_latency,SKT0C10,2,28.673892685651712,ns
correlation-stream-cores1,pcm_cha,drd_latency,SKT0C10,3,28.67341915024532,ns
correlation-stream-cores1,pcm_cha,drd_latency,SKT0C11,0,30.254919459908546,ns
correlation-stream-cores1,pcm_cha,drd_latency,SKT0C11,1,30.254002267539196,ns
correlation-stream-cores1,pcm_cha,drd_latency,SKT0C11,2,30.254464676799195,ns
correlation-stream-cores1,pcm_cha,drd_latency,SKT0C11,3,30.254208279862038,ns
correlation-stream-cores1,pcm_cha,drd_latency,SKT0C12,0,28.235755144860835,ns
correlation-stream-cores1,pcm_cha,drd_latency,SKT0C12,1,28.23511402624517,ns
correlation-stream-cores1,pcm_cha,drd_latency,SKT0C12,2,28.235518497921948,ns
correlation-stream-cores1,pcm_cha,drd_latency,SKT0C12,3,28.235651788287885,ns
correlation-stream-cores1,pcm_cha,drd_latency,SKT0C13,0,28.564263782060458,ns
correlation-stream-cores1,pcm_cha,drd_latency,SKT0C13,1,28.564535570337426,ns
correlation-stream-cores1,pcm_cha,drd_latency,SKT0C13,2,28.564166034745835,ns
correlation-stream-cores1,pcm_cha,drd_latency,SKT0C13,3,28.563673636417835,ns
correlation-stream-cores1,pcm_cha,drd_latency,SKT0C14,0,28.590069925472527,ns
correlation-stream-cores1,pcm_cha,drd_latency,SKT0C14,1,28.590443656251818,ns
correlation-stream-cores1,pcm_cha,drd_latency,SKT0C14,2,28.58987069246796,ns
correlation-stream-cores1,pcm_cha,drd_latency,SKT0C14,3,28.590129740099844,ns
correlation-stream-cores1,pcm_cha,drd_latency,SKT0C15,0,30.310919297550132,ns
correlation-stream-cores1,pcm_cha,drd_latency,SKT0C15,1,30.31094919910487,ns
correlation-stream-cores1,pcm_cha,drd_latency,SKT0C15,2,30.311146561968876,ns
correlation-stream-cores1,pcm_cha,drd_latency,SKT0C15,3,30.309791167683095,ns
correlation-stream-cores1,pcm_imc,rpq_occ_agg,SKT0CHAN0,0,187921829.0,occupancy_cycles
correlation-stream-cores1,pcm_imc,rpq_occ_agg,SKT0CHAN0,1,187157788.0,occupancy_cycles
correlation-stream-cores1,pcm_imc,rpq_occ_agg,SKT0CHAN0,2,188353334.0,occupancy_cycles
correlation-stream-cores1,pcm_imc,rpq_occ_agg,SKT0CHAN0,3,188311058.0,occupancy_cycles
correlation-stream-cores1,pcm_imc,rpq_occ_agg,SKT0CHAN1,0,161591648.0,occupancy_cycles
correlation-stream-cores1,pcm_imc,rpq_occ_agg,SKT0CHAN1,1,161167751.0,occupancy_cycles
correlation-stream-cores1,pcm_imc,rpq_occ_agg,SKT0CHAN1,2,161698740.0,occupancy_cycles
correlation-stream-cores1,pcm_imc,rpq_occ_agg,SKT0CHAN1,3,161548921.0,occupancy_cycles
correlation-stream-cores1,pcm_imc,rpq_occ_agg,SKT0CHAN2,0,180077754.0,occupancy_cycles
correlation-stream-cores1,pcm_imc,rpq_occ_agg,SKT0CHAN2,1,179824822.0,occupancy_cycles
correlation-stream-cores1,pcm_imc,rpq_occ_agg,SKT0CHAN2,2,180866506.0,occupancy_cycles
correlation-stream-cores1,pcm_imc,rpq_occ_agg,SKT0CHAN2,3,180465385.0,occupancy_cycles
correlation-stream-cores1,pcm_imc,rpq_occ_agg,SKT0CHAN3,0,177942298.0,occupancy_cycles
correlation-stream-cores1,pcm_imc,rpq_occ_agg,SKT0CHAN3,1,177633193.0,occupancy_cycles
correlation-stream-cores1,pcm_imc,rpq_occ_agg,SKT0CHAN3,2,178195743.0,occupancy_cycles
correlation-stream-cores1,pcm_imc,rpq_occ_agg,SKT0CHAN3,3,177977374.0,occupancy_cycles
correlation-stream-cores1,pcm_imc,rpq_occ_agg,SKT0CHAN4,0,180931339.0,occupancy_cycles
correlation-stream-cores1,pcm_imc,rpq_occ_agg,SKT0CHAN4,1,181095265.0,occupancy_cycles
correlation-stream-cores1,pcm_imc,rpq_occ_agg,SKT0CHAN4,2,181102768.0,occupancy_cycles
correlation-stream-cores1,pcm_imc,rpq_occ_agg,SKT0CHAN4,3,180853184.0,occupancy_cycles
correlation-stream-cores1,pcm_imc,rpq_occ_agg,SKT0CHAN5,0,213823197.0,occupancy_cycles
correlation-stream-cores1,pcm_imc,rpq_occ_agg,SKT0CHAN5,1,213871609.0,occupancy_cycles
correlation-stream-cores1,pcm_imc,rpq_occ_agg,SKT0CHAN5,2,213022320.0,occupancy_cycles
correlation-stream-cores1,pcm_imc,rpq_occ_agg,SKT0CHAN5,3,213628386.0,occupancy_cycles
correlation-stream-cores1,pcm_imc,rpq_occ_agg,SKT0CHAN6,0,239563697.0,occupancy_cycles
correlation-stream-cores1,pcm_imc,rpq_occ_agg,SKT0CHAN6,1,239434011.0,occupancy_cycles
correlation-stream-cores1,pcm_imc,rpq_occ_agg,SKT0CHAN6,2,238102343.0,occupancy_cycles
correlation-stream-cores1,pcm_imc,rpq_occ_agg,SKT0CHAN6,3,239367082.0,occupancy_cycles
correlation-stream-cores1,pcm_imc,rpq_occ_agg,SKT0CHAN7,0,180378382.0,occupancy_cycles
correlation-stream-cores1,pcm_imc,rpq_occ_agg,SKT0CHAN7,1,180025937.0,occupancy_cycles
correlation-stream-cores1,pcm_imc,rpq_occ_agg,SKT0CHAN7,2,181570427.0,occupancy_cycles
correlation-stream-cores1,pcm_imc,rpq_occ_agg,SKT0CHAN7,3,181261684.0,occupancy_cycles
correlation-stream-cores1,pcm_imc,rpq_occupancy,SKT0CHAN0,0,0.140976615903976,queue_entry_seconds
correlation-stream-cores1,pcm_imc,rpq_occupancy,SKT0CHAN0,1,0.1404034418604651,queue_entry_seconds
correlation-stream-cores1,pcm_imc,rpq_occupancy,SKT0CHAN0,2,0.14130032558139535,queue_entry_seconds
correlation-stream-cores1,pcm_imc,rpq_occupancy,SKT0CHAN0,3,0.14126861065266316,queue_entry_seconds
correlation-stream-cores1,pcm_imc,rpq_occupancy,SKT0CHAN1,0,0.12122404201050263,queue_entry_seconds
correlation-stream-cores1,pcm_imc,rpq_occupancy,SKT0CHAN1,1,0.12090603975993998,queue_entry_seconds
correlation-stream-cores1,pcm_imc,rpq_occupancy,SKT0CHAN1,2,0.12130438109527382,queue_entry_seconds
correlation-stream-cores1,pcm_imc,rpq_occupancy,SKT0CHAN1,3,0.1211919887471868,queue_entry_seconds
correlation-stream-cores1,pcm_imc,rpq_occupancy,SKT0CHAN2,0,0.13509208852213053,queue_entry_seconds
correlation-stream-cores1,pcm_imc,rpq_occupancy,SKT0CHAN2,1,0.13490234208552138,queue_entry_seconds
correlation-stream-cores1,pcm_imc,rpq_occupancy,SKT0CHAN2,2,0.13568380045011252,queue_entry_seconds
correlation-stream-cores1,pcm_imc,rpq_occupancy,SKT0CHAN2,3,0.1353828844711178,queue_entry_seconds
correlation-stream-cores1,pcm_imc,rpq_occupancy,SKT0CHAN3,0,0.133490096024006,queue_entry_seconds
correlation-stream-cores1,pcm_imc,rpq_occupancy,SKT0CHAN3,1,0.13325820930232557,queue_entry_seconds
correlation-stream-cores1,pcm_imc,rpq_occupancy,SKT0CHAN3,2,0.13368022730682672,queue_entry_seconds
correlation-stream-cores1,pcm_imc,rpq_occupancy,SKT0CHAN3,3,0.1335164096024006,queue_entry_seconds
correlation-stream-cores1,pcm_imc,rpq_occupancy,SKT0CHAN4,0,0.13573243735933985,queue_entry_seconds
correlation-stream-cores1,pcm_imc,rpq_occupancy,SKT0CHAN4,1,0.1358554126031508,queue_entry_seconds
correlation-stream-cores1,pcm_imc,rpq_occupancy,SKT0CHAN4,2,0.1358610412603151,queue_entry_seconds
correlation-stream-cores1,pcm_imc,rpq_occupancy,SKT0CHAN4,3,0.1356738064516129,queue_entry_seconds
correlation-stream-cores1,pcm_imc,rpq_occupancy,SKT0CHAN5,0,0.16040749962490622,queue_entry_seconds
correlation-stream-cores1,pcm_imc,rpq_occupancy,SKT0CHAN5,1,0.16044381770442612,queue_entry_seconds
correlation-stream-cores1,pcm_imc,rpq_occupancy,SKT0CHAN5,2,0.15980669167291822,queue_entry_seconds
correlation-stream-cores1,pcm_imc,rpq_occupancy,SKT0CHAN5,3,0.16026135483870968,queue_entry_seconds
correlation-stream-cores1,pcm_imc,rpq_occupancy,SKT0CHAN6,0,0.1797177021755439,queue_entry_seconds
correlation-stream-cores1,pcm_imc,rpq_occupancy,SKT0CHAN6,1,0.17962041335333834,queue_entry_seconds
correlation-stream-cores1,pcm_imc,rpq_occupancy,SKT0CHAN6,2,0.1786214126031508,queue_entry_seconds
correlation-stream-cores1,pcm_imc,rpq_occupancy,SKT0CHAN6,3,0.17957020405101276,queue_entry_seconds
correlation-stream-cores1,pcm_imc,rpq_occupancy,SKT0CHAN7,0,0.135317615903976,queue_entry_seconds
correlation-stream-cores1,pcm_imc,rpq_occupancy,SKT0CHAN7,1,0.1350532160540135,queue_entry_seconds
correlation-stream-cores1,pcm_imc,rpq_occupancy,SKT0CHAN7,2,0.13621187321830458,queue_entry_seconds
correlation-stream-cores1,pcm_imc,rpq_occupancy,SKT0CHAN7,3,0.13598025806451614,queue_entry_seconds
correlation-stream-cores1,pcm_imc,wpq_full_cycles,SKT0CHAN0,0,667029322.0,cycles
correlation-stream-cores1,pcm_imc,wpq_full_cycles,SKT0CHAN0,1,666469045.0,cycles
correlation-stream-cores1,pcm_imc,wpq_full_cycles,SKT0CHAN0,2,666405532.0,cycles
correlation-stream-cores1,pcm_imc,wpq_full_cycles,SKT0CHAN0,3,667088726.0,cycles
correlation-stream-cores1,pcm_imc,wpq_full_cycles,SKT0CHAN1,0,667029390.0,cycles
correlation-stream-cores1,pcm_imc,wpq_full_cycles,SKT0CHAN1,1,666469783.0,cycles
correlation-stream-cores1,pcm_imc,wpq_full_cycles,SKT0CHAN1,2,666405435.0,cycles
correlation-stream-cores1,pcm_imc,wpq_full_cycles,SKT0CHAN1,3,667088770.0,cycles
correlation-stream-cores1,pcm_imc,wpq_full_cycles,SKT0CHAN2,0,667029433.0,cycles
correlation-stream-cores1,pcm_imc,wpq_full_cycles,SKT0CHAN2,1,666469805.0,cycles
correlation-stream-cores1,pcm_imc,wpq_full_cycles,SKT0CHAN2,2,666405479.0,cycles
correlation-stream-cores1,pcm_imc,wpq_full_cycles,SKT0CHAN2,3,667088683.0,cycles
correlation-stream-cores1,pcm_imc,wpq_full_cycles,SKT0CHAN3,0,667029410.0,cycles
correlation-stream-cores1,pcm_imc,wpq_full_cycles,SKT0CHAN3,1,666469772.0,cycles
correlation-stream-cores1,pcm_imc,wpq_full_cycles,SKT0CHAN3,2,666405473.0,cycles
correlation-stream-cores1,pcm_imc,wpq_full_cycles,SKT0CHAN3,3,667089523.0,cycles
correlation-stream-cores1,pcm_imc,wpq_full_cycles,SKT0CHAN4,0,667029383.0,cycles
correlation-stream-cores1,pcm_imc,wpq_full_cycles,SKT0CHAN4,1,666469809.0,cycles
correlation-stream-cores1,pcm_imc,wpq_full_cycles,SKT0CHAN4,2,666405555.0,cycles
correlation-stream-cores1,pcm_imc,wpq_full_cycles,SKT0CHAN4,3,667089521.0,cycles
correlation-stream-cores1,pcm_imc,wpq_full_cycles,SKT0CHAN5,0,667029374.0,cycles
correlation-stream-cores1,pcm_imc,wpq_full_cycles,SKT0CHAN5,1,666469872.0,cycles
correlation-stream-cores1,pcm_imc,wpq_full_cycles,SKT0CHAN5,2,666405554.0,cycles
correlation-stream-cores1,pcm_imc,wpq_full_cycles,SKT0CHAN5,3,667088767.0,cycles
correlation-stream-cores1,pcm_imc,wpq_full_cycles,SKT0CHAN6,0,667029289.0,cycles
correlation-stream-cores1,pcm_imc,wpq_full_cycles,SKT0CHAN6,1,666469874.0,cycles
correlation-stream-cores1,pcm_imc,wpq_full_cycles,SKT0CHAN6,2,666405520.0,cycles
correlation-stream-cores1,pcm_imc,wpq_full_cycles,SKT0CHAN6,3,667088744.0,cycles
correlation-stream-cores1,pcm_imc,wpq_full_cycles,SKT0CHAN7,0,667029253.0,cycles
correlation-stream-cores1,pcm_imc,wpq_full_cycles,SKT0CHAN7,1,666469715.0,cycles
correlation-stream-cores1,pcm_imc,wpq_full_cycles,SKT0CHAN7,2,666405452.0,cycles
correlation-stream-cores1,pcm_imc,wpq_full_cycles,SKT0CHAN7,3,667088720.0,cycles
correlation-stream-cores1,pcm_imc,acts_byp,SKT0CHAN0,0,198125.0,events
correlation-stream-cores1,pcm_imc,acts_byp,SKT0CHAN0,1,195146.0,events
correlation-stream-cores1,pcm_imc,acts_byp,SKT0CHAN0,2,196818.0,events
correlation-stream-cores1,pcm_imc,acts_byp,SKT0CHAN0,3,191546.0,events
correlation-stream-cores1,pcm_imc,acts_byp,SKT0CHAN1,0,206671.0,events
correlation-stream-cores1,pcm_imc,acts_byp,SKT0CHAN1,1,197562.0,events
correlation-stream-cores1,pcm_imc,acts_byp,SKT0CHAN1,2,195544.0,events
correlation-stream-cores1,pcm_imc,acts_byp,SKT0CHAN1,3,189007.0,events
correlation-stream-cores1,pcm_imc,acts_byp,SKT0CHAN2,0,204664.0,events
correlation-stream-cores1,pcm_imc,acts_byp,SKT0CHAN2,1,205371.0,events
correlation-stream-cores1,pcm_imc,acts_byp,SKT0CHAN2,2,205848.0,events
correlation-stream-cores1,pcm_imc,acts_byp,SKT0CHAN2,3,197326.0,events
correlation-stream-cores1,pcm_imc,acts_byp,SKT0CHAN3,0,207949.0,events
correlation-stream-cores1,pcm_imc,acts_byp,SKT0CHAN3,1,205372.0,events
correlation-stream-cores1,pcm_imc,acts_byp,SKT0CHAN3,2,203390.0,events
correlation-stream-cores1,pcm_imc,acts_byp,SKT0CHAN3,3,203303.0,events
correlation-stream-cores1,pcm_imc,acts_byp,SKT0CHAN4,0,188386.0,events
correlation-stream-cores1,pcm_imc,acts_byp,SKT0CHAN4,1,187572.0,events
correlation-stream-cores1,pcm_imc,acts_byp,SKT0CHAN4,2,182835.0,events
correlation-stream-cores1,pcm_imc,acts_byp,SKT0CHAN4,3,181776.0,events
correlation-stream-cores1,pcm_imc,acts_byp,SKT0CHAN5,0,183878.0,events
correlation-stream-cores1,pcm_imc,acts_byp,SKT0CHAN5,1,179275.0,events
correlation-stream-cores1,pcm_imc,acts_byp,SKT0CHAN5,2,176234.0,events
correlation-stream-cores1,pcm_imc,acts_byp,SKT0CHAN5,3,177754.0,events
correlation-stream-cores1,pcm_imc,acts_byp,SKT0CHAN6,0,181011.0,events
correlation-stream-cores1,pcm_imc,acts_byp,SKT0CHAN6,1,187538.0,events
correlation-stream-cores1,pcm_imc,acts_byp,SKT0CHAN6,2,182341.0,events
correlation-stream-cores1,pcm_imc,acts_byp,SKT0CHAN6,3,184449.0,events
correlation-stream-cores1,pcm_imc,acts_byp,SKT0CHAN7,0,191448.0,events
correlation-stream-cores1,pcm_imc,acts_byp,SKT0CHAN7,1,188055.0,events
correlation-stream-cores1,pcm_imc,acts_byp,SKT0CHAN7,2,187261.0,events
correlation-stream-cores1,pcm_imc,acts_byp,SKT0CHAN7,3,184887.0,events
correlation-stream-cores1,pcm_imc,acts_read,SKT0CHAN0,0,2293028.0,events
correlation-stream-cores1,pcm_imc,acts_read,SKT0CHAN0,1,2268207.0,events
correlation-stream-cores1,pcm_imc,acts_read,SKT0CHAN0,2,2290562.0,events
correlation-stream-cores1,pcm_imc,acts_read,SKT0CHAN0,3,2268812.0,events
correlation-stream-cores1,pcm_imc,acts_read,SKT0CHAN1,0,2346938.0,events
correlation-stream-cores1,pcm_imc,acts_read,SKT0CHAN1,1,2297074.0,events
correlation-stream-cores1,pcm_imc,acts_read,SKT0CHAN1,2,2297525.0,events
correlation-stream-cores1,pcm_imc,acts_read,SKT0CHAN1,3,2270852.0,events
correlation-stream-cores1,pcm_imc,acts_read,SKT0CHAN2,0,2339718.0,events
correlation-stream-cores1,pcm_imc,acts_read,SKT0CHAN2,1,2332531.0,events
correlation-stream-cores1,pcm_imc,acts_read,SKT0CHAN2,2,2347630.0,events
correlation-stream-cores1,pcm_imc,acts_read,SKT0CHAN2,3,2315742.0,events
correlation-stream-cores1,pcm_imc,acts_read,SKT0CHAN3,0,2328895.0,events
correlation-stream-cores1,pcm_imc,acts_read,SKT0CHAN3,1,2307147.0,events
correlation-stream-cores1,pcm_imc,acts_read,SKT0CHAN3,2,2307408.0,events
correlation-stream-cores1,pcm_imc,acts_read,SKT0CHAN3,3,2313790.0,events
correlation-stream-cores1,pcm_imc,acts_read,SKT0CHAN4,0,2227005.0,events
correlation-stream-cores1,pcm_imc,acts_read,SKT0CHAN4,1,2218659.0,events
correlation-stream-cores1,pcm_imc,acts_read,SKT0CHAN4,2,2206530.0,events
correlation-stream-cores1,pcm_imc,acts_read,SKT0CHAN4,3,2209314.0,events
correlation-stream-cores1,pcm_imc,acts_read,SKT0CHAN5,0,2207778.0,events
correlation-stream-cores1,pcm_imc,acts_read,SKT0CHAN5,1,2182149.0,events
correlation-stream-cores1,pcm_imc,acts_read,SKT0CHAN5,2,2180130.0,events
correlation-stream-cores1,pcm_imc,acts_read,SKT0CHAN5,3,2191829.0,events
correlation-stream-cores1,pcm_imc,acts_read,SKT0CHAN6,0,2317012.0,events
correlation-stream-cores1,pcm_imc,acts_read,SKT0CHAN6,1,2340586.0,events
correlation-stream-cores1,pcm_imc,acts_read,SKT0CHAN6,2,2317053.0,events
correlation-stream-cores1,pcm_imc,acts_read,SKT0CHAN6,3,2341194.0,events
correlation-stream-cores1,pcm_imc,acts_read,SKT0CHAN7,0,2259117.0,events
correlation-stream-cores1,pcm_imc,acts_read,SKT0CHAN7,1,2236082.0,events
correlation-stream-cores1,pcm_imc,acts_read,SKT0CHAN7,2,2244348.0,events
correlation-stream-cores1,pcm_imc,acts_read,SKT0CHAN7,3,2243300.0,events
correlation-stream-cores1,pcm_imc,read_activations,SKT0CHAN0,0,2491153.0,events
correlation-stream-cores1,pcm_imc,read_activations,SKT0CHAN0,1,2463353.0,events
correlation-stream-cores1,pcm_imc,read_activations,SKT0CHAN0,2,2487380.0,events
correlation-stream-cores1,pcm_imc,read_activations,SKT0CHAN0,3,2460358.0,events
correlation-stream-cores1,pcm_imc,read_activations,SKT0CHAN1,0,2553609.0,events
correlation-stream-cores1,pcm_imc,read_activations,SKT0CHAN1,1,2494636.0,events
correlation-stream-cores1,pcm_imc,read_activations,SKT0CHAN1,2,2493069.0,events
correlation-stream-cores1,pcm_imc,read_activations,SKT0CHAN1,3,2459859.0,events
correlation-stream-cores1,pcm_imc,read_activations,SKT0CHAN2,0,2544382.0,events
correlation-stream-cores1,pcm_imc,read_activations,SKT0CHAN2,1,2537902.0,events
correlation-stream-cores1,pcm_imc,read_activations,SKT0CHAN2,2,2553478.0,events
correlation-stream-cores1,pcm_imc,read_activations,SKT0CHAN2,3,2513068.0,events
correlation-stream-cores1,pcm_imc,read_activations,SKT0CHAN3,0,2536844.0,events
correlation-stream-cores1,pcm_imc,read_activations,SKT0CHAN3,1,2512519.0,events
correlation-stream-cores1,pcm_imc,read_activations,SKT0CHAN3,2,2510798.0,events
correlation-stream-cores1,pcm_imc,read_activations,SKT0CHAN3,3,2517093.0,events
correlation-stream-cores1,pcm_imc,read_activations,SKT0CHAN4,0,2415391.0,events
correlation-stream-cores1,pcm_imc,read_activations,SKT0CHAN4,1,2406231.0,events
correlation-stream-cores1,pcm_imc,read_activations,SKT0CHAN4,2,2389365.0,events
correlation-stream-cores1,pcm_imc,read_activations,SKT0CHAN4,3,2391090.0,events
correlation-stream-cores1,pcm_imc,read_activations,SKT0CHAN5,0,2391656.0,events
correlation-stream-cores1,pcm_imc,read_activations,SKT0CHAN5,1,2361424.0,events
correlation-stream-cores1,pcm_imc,read_activations,SKT0CHAN5,2,2356364.0,events
correlation-stream-cores1,pcm_imc,read_activations,SKT0CHAN5,3,2369583.0,events
correlation-stream-cores1,pcm_imc,read_activations,SKT0CHAN6,0,2498023.0,events
correlation-stream-cores1,pcm_imc,read_activations,SKT0CHAN6,1,2528124.0,events
correlation-stream-cores1,pcm_imc,read_activations,SKT0CHAN6,2,2499394.0,events
correlation-stream-cores1,pcm_imc,read_activations,SKT0CHAN6,3,2525643.0,events
correlation-stream-cores1,pcm_imc,read_activations,SKT0CHAN7,0,2450565.0,events
correlation-stream-cores1,pcm_imc,read_activations,SKT0CHAN7,1,2424137.0,events
correlation-stream-cores1,pcm_imc,read_activations,SKT0CHAN7,2,2431609.0,events
correlation-stream-cores1,pcm_imc,read_activations,SKT0CHAN7,3,2428187.0,events
correlation-stream-cores1,sar_concurrent,cpu_util,CORE0,0,0.18,percent
correlation-stream-cores1,sar_concurrent,cpu_util,CORE1,0,0.06,percent
correlation-stream-cores1,sar_concurrent,cpu_util,CORE2,0,0.11000000000000001,percent
correlation-stream-cores1,sar_concurrent,cpu_util,CORE3,0,0.04,percent
correlation-stream-cores1,sar_concurrent,cpu_util,CORE4,0,100.0,percent
correlation-stream-cores1,sar_concurrent,cpu_util,CORE5,0,0.0,percent
correlation-stream-cores1,sar_concurrent,cpu_util,CORE6,0,0.0,percent
correlation-stream-cores1,sar_concurrent,cpu_util,CORE7,0,0.0,percent
correlation-stream-cores1,sar_concurrent,cpu_util,CORE8,0,0.0,percent
correlation-stream-cores1,sar_concurrent,cpu_util,CORE9,0,0.0,percent
correlation-stream-cores1,sar_concurrent,cpu_util,CORE10,0,0.04,percent
correlation-stream-cores1,sar_concurrent,cpu_util,CORE11,0,1.97,percent
correlation-stream-cores1,sar_concurrent,cpu_util,CORE12,0,0.02,percent
correlation-stream-cores1,sar_concurrent,cpu_util,CORE13,0,0.02,percent
correlation-stream-cores1,sar_concurrent,cpu_util,CORE14,0,0.17,percent
correlation-stream-cores1,sar_concurrent,cpu_util,CORE15,0,1.1400000000000001,percent
correlation-stream-cores1,sar_concurrent,cpu_util,CORE16,0,0.06,percent
correlation-stream-cores1,sar_concurrent,cpu_util,CORE17,0,0.02,percent
correlation-stream-cores1,sar_concurrent,cpu_util,CORE18,0,0.0,percent
correlation-stream-cores1,sar_concurrent,cpu_util,CORE19,0,0.06,percent
correlation-stream-cores1,sar_concurrent,cpu_util,CORE20,0,0.02,percent
correlation-stream-cores1,sar_concurrent,cpu_util,CORE21,0,0.04,percent
correlation-stream-cores1,sar_concurrent,cpu_util,CORE22,0,0.09000000000000001,percent
correlation-stream-cores1,sar_concurrent,cpu_util,CORE23,0,0.11,percent
correlation-stream-cores1,sar_concurrent,cpu_util,CORE24,0,0.04,percent
correlation-stream-cores1,sar_concurrent,cpu_util,CORE25,0,0.06,percent
correlation-stream-cores1,sar_concurrent,cpu_util,CORE26,0,0.0,percent
correlation-stream-cores1,sar_concurrent,cpu_util,CORE27,0,0.04,percent
correlation-stream-cores1,sar_concurrent,cpu_util,CORE28,0,0.0,percent
correlation-stream-cores1,sar_concurrent,cpu_util,CORE29,0,0.02,percent
correlation-stream-cores1,sar_concurrent,cpu_util,CORE30,0,0.16,percent
correlation-stream-cores1,sar_concurrent,cpu_util,CORE31,0,3.8,percent
