metric_a,unit_a,metric_b,unit_b,correlation-fio-randread-cores1,correlation-gapbs-bc-cores1,correlation-gapbs-pr-cores1,correlation-stream-cores1,average_correlation
drd_occ_agg,occupancy_cycles,drd_occupancy,request_seconds,1,1,0.99999999999999989,1,1
rpq_occ_agg,occupancy_cycles,rpq_occupancy,queue_entry_seconds,1,1,1,1,1
drd_inserts,transactions,drd_occ_agg,occupancy_cycles,0.99988596206578007,0.9999862653816245,0.99999902247536365,0.99888745251122513,0.99968967560849831
drd_inserts,transactions,drd_occupancy,request_seconds,0.99988596206577995,0.99998626538162438,0.99999902247536365,0.99888745251122513,0.99968967560849831
acts_read,events,read_activations,events,0.99999991159721768,0.98401235816180699,0.99311988624633751,0.99543880655061623,0.99314274063899455
read_activations,events,rpq_occupancy,queue_entry_seconds,0.93270791531446862,0.91429419725551908,0.97604555189313724,0.8351360902596463,0.91454593868069278
read_activations,events,rpq_occ_agg,occupancy_cycles,0.93270791531446862,0.91429419725551897,0.97604555189313713,0.83513609025964619,0.91454593868069267
acts_read,events,rpq_occ_agg,occupancy_cycles,0.93256942986022162,0.85118251997557559,0.99229416050329378,0.8619486532585352,0.90949869089940649
acts_read,events,rpq_occupancy,queue_entry_seconds,0.93256942986022162,0.85118251997557559,0.99229416050329367,0.8619486532585352,0.90949869089940649
acts_byp,events,read_activations,events,0.78306493282648926,0.64036955441188326,0.94437128184214536,0.69373299369689412,0.765384690694353
acts_byp,events,rpq_occupancy,queue_entry_seconds,0.93508413748208641,0.79462038828219528,0.85725521299580354,0.34818449211515196,0.73378605771880934
acts_byp,events,rpq_occ_agg,occupancy_cycles,0.9350841374820863,0.79462038828219517,0.85725521299580343,0.34818449211515118,0.733786057718809
acts_byp,events,acts_read,events,0.78280334871525181,0.49333868347035664,0.89936122844399091,0.6218569895359336,0.69934006254138326
memreadbw,MB/s,memwritebw,MB/s,0.23178325257632637,-0.044858265716713197,-0.93989369290496294,0.92770467756765962,0.53605997219141555
drd_inserts,transactions,drd_latency,ns,0.579082451211409,0.69767943539331467,0.13486931792022988,-0.029379503164324236,0.36025267692231944
drd_latency,ns,drd_occ_agg,occupancy_cycles,0.5831291653164592,0.70127731089157364,0.13618307975333083,0.017540811517414972,0.35953259186969466
drd_latency,ns,drd_occupancy,request_seconds,0.5831291653164592,0.70127731089157364,0.13618307975333085,0.017540811517414219,0.3595325918696945
drd_latency,ns,l1_miss_latency,ns,-0.041613356812327258,-0.4468053154368623,0.0070927079742672686,-0.0032911845115343044,0.12470064118374778
acts_read,events,drd_latency,ns,-0.00048402241050879126,-0.470416824685713,-0.02215563061114759,0.0023142472762799596,0.12384268124591233
drd_latency,ns,read_activations,events,-0.00048174418312372076,-0.46888820747883481,-0.023897477849451784,-9.1923035734269988e-06,0.12331915545374593
drd_latency,ns,rpq_occupancy,queue_entry_seconds,-0.00078157175401423191,-0.38914575100635473,-0.024936214531056586,-0.0066876365766429637,0.10538779346701713
drd_latency,ns,rpq_occ_agg,occupancy_cycles,-0.00078157175401423278,-0.38914575100635473,-0.024936214531056621,-0.0066876365766427677,0.10538779346701709
l1_miss_latency,ns,memwritebw,MB/s,-0.0099758259396378994,-0.38567122634385831,-0.0045076995059766889,0.01254805168652438,0.10317570086899933
drd_occ_agg,occupancy_cycles,l1_miss_latency,ns,0.0083527716703231236,-0.34589094331661457,0.015327417968120677,-0.014777161776775903,0.096087073682958574
drd_occupancy,request_seconds,l1_miss_latency,ns,0.0083527716703231253,-0.34589094331661457,0.015327417968120724,-0.014777161776774024,0.096087073682958116
drd_inserts,transactions,l1_miss_latency,ns,0.0093172610736001402,-0.34403689641839075,0.015330503457111474,-0.014595716687150428,0.095820094409063195
drd_occupancy,request_seconds,read_activations,events,0.039228154164771288,-0.24655877526461276,-0.036349634273727574,-0.050767259319432573,0.093225955755636053
drd_occ_agg,occupancy_cycles,read_activations,events,0.039228154164771281,-0.24655877526461281,-0.036349634273727643,-0.050767259319429943,0.093225955755635415
drd_inserts,transactions,read_activations,events,0.039953683632465736,-0.2443720333199523,-0.036340368298554672,-0.05075604921032844,0.092855533615325281
acts_read,events,drd_occupancy,request_seconds,0.039237725247693284,-0.2334241413693057,-0.034193305091054331,-0.051281310092585207,0.089534120450159627
acts_read,events,drd_occ_agg,occupancy_cycles,0.03923772524769327,-0.2334241413693057,-0.0341933050910544,-0.051281310092582334,0.089534120450158933
acts_read,events,drd_inserts,transactions,0.039963429370439216,-0.23120924868833481,-0.034184965859618444,-0.051378211983110475,0.08918396397537573
l1_miss_latency,ns,read_activations,events,0.019099596237160989,0.22565933057113494,0.0055786473348406161,0.093013885311441877,0.0858378648636446
drd_occupancy,request_seconds,rpq_occ_agg,occupancy_cycles,0.028358015746670014,-0.22447751156832441,-0.0340044328554127,-0.05071143758224584,0.084387849438163243
drd_occupancy,request_seconds,rpq_occupancy,queue_entry_seconds,0.028358015746670014,-0.22447751156832441,-0.034004432855412839,-0.050711437582245326,0.084387849438163146
drd_occ_agg,occupancy_cycles,rpq_occ_agg,occupancy_cycles,0.028358015746670004,-0.22447751156832441,-0.034004432855412776,-0.050711437582241586,0.084387849438162188
drd_occ_agg,occupancy_cycles,rpq_occupancy,queue_entry_seconds,0.028358015746670004,-0.22447751156832443,-0.034004432855412908,-0.05071143758224108,0.084387849438162105
drd_inserts,transactions,rpq_occ_agg,occupancy_cycles,0.02895021178200401,-0.2226163034315945,-0.033991500933576384,-0.050373715221025607,0.08398293284205012
drd_inserts,transactions,rpq_occupancy,queue_entry_seconds,0.02895021178200401,-0.22261630343159453,-0.033991500933576523,-0.05037371522102508,0.083982932842050037
acts_read,events,l1_miss_latency,ns,0.019111387291599488,0.21637145955417386,0.0048568198795935639,0.08318680664509176,0.080881618342614675
drd_latency,ns,memwritebw,MB/s,-0.016074452771498972,0.26197749389096042,0.038213682545965549,1.6170029497860552e-06,0.079066811552843688
acts_byp,events,l1_miss_latency,ns,-0.0024865411526388053,0.16900115582910369,0.007187772439169909,0.13551275955868952,0.078547057244900478
acts_byp,events,drd_latency,ns,0.0029925751647001246,-0.26134077397462868,-0.026998305386887845,-0.01754670352524159,0.077219589512864562
l1_miss_latency,ns,rpq_occupancy,queue_entry_seconds,0.0097601036620614378,0.24851781444805787,0.0013017652327180194,0.03742700857522302,0.074251672979515085
l1_miss_latency,ns,rpq_occ_agg,occupancy_cycles,0.0097601036620614413,0.24851781444805787,0.0013017652327179758,0.037427008575223006,0.074251672979515071
l1_miss_latency,ns,memreadbw,MB/s,-0.024694806144309137,-0.24319504896255864,0.010635457446070987,0.010912844608384622,0.072359539290330843
acts_byp,events,drd_occ_agg,occupancy_cycles,0.016556377055472363,-0.19753293545646575,-0.03968122670553411,-0.029589992259508233,0.07084013286924512
acts_byp,events,drd_occupancy,request_seconds,0.016556377055472367,-0.19753293545646575,-0.039681226705534062,-0.029589992259508226,0.070840132869245107
acts_byp,events,drd_inserts,transactions,0.0168660848192119,-0.19640478468912292,-0.039670052468491944,-0.028766417542900585,0.070426834879931843
memwritebw,MB/s,rpq_occupancy,queue_entry_seconds,-0.015210943771896355,-0.22228129947150493,0.0076305188981887302,0.0036443810443632578,0.062191785796488319
memwritebw,MB/s,rpq_occ_agg,occupancy_cycles,-0.015210943771896359,-0.22228129947150496,0.0076305188981885992,0.0036443810443620383,0.062191785796487986
memwritebw,MB/s,read_activations,events,-0.0094332557537841755,-0.2138980838878935,0.01563221635216467,-0.0010747022055603824,0.06000956454985068
rpq_occupancy,queue_entry_seconds,wpq_full_cycles,cycles,0.0062950529621075973,0.0018610025555725962,0.036444529660874934,0.18603671819849307,0.057659325844262053
rpq_occ_agg,occupancy_cycles,wpq_full_cycles,cycles,0.0062950529621075973,0.0018610025555725811,0.036444529660874851,0.18603671819849291,0.057659325844261984
acts_read,events,memwritebw,MB/s,-0.0094313577244947381,-0.20437907775248013,0.015103393605564962,0.00034010756678113957,0.057313484162330244
acts_byp,events,memwritebw,MB/s,-0.010193012618567317,-0.16327730414845976,0.015945757177407878,-0.01138955612236758,0.05020140751670063
drd_occ_agg,occupancy_cycles,memwritebw,MB/s,-0.021458210263755509,0.13955290161485195,0.030642657805531472,0.0081415917875007956,0.049948840367909933
drd_occupancy,request_seconds,memwritebw,MB/s,-0.021458210263755498,0.13955290161485195,0.030642657805531461,0.0081415917874906197,0.049948840367907386
drd_inserts,transactions,memwritebw,MB/s,-0.021008747621327054,0.13817440303347267,0.030590604814788647,0.0080456301731707935,0.049454846410689791
drd_occ_agg,occupancy_cycles,memreadbw,MB/s,0.0042922919352931599,0.1301040292987943,-0.0392904619963216,0.0075303194599807442,0.045304275672597455
drd_occupancy,request_seconds,memreadbw,MB/s,0.0042922919352931643,0.13010402929879433,-0.039290461996321628,0.0075303194599718806,0.045304275672595248
drd_inserts,transactions,memreadbw,MB/s,0.0043664058358359103,0.12995250132891634,-0.039222549036306349,0.0074796860136312751,0.045255285553672468
drd_latency,ns,memreadbw,MB/s,0.019077636412134988,0.08686340140868927,-0.052730466640396087,-0.00071276696332570825,0.039846067856136515
acts_byp,events,memreadbw,MB/s,-0.0028982037678757008,-0.090181774013024601,-0.035356217637505745,-0.010223137114612754,0.034664833133254698
acts_read,events,memreadbw,MB/s,-0.005691126037861538,0.060015310064296418,-0.024565137446900264,-0.0039494314066471454,0.02355525123892634
acts_read,events,wpq_full_cycles,cycles,0.016599242863091127,0.0044426355006786846,0.028260251736366523,0.040722386860792929,0.022506129240232316
read_activations,events,wpq_full_cycles,cycles,0.016597376892085198,0.0040414280514495015,0.02732957734995661,0.04093529996394546,0.022225920564359191
memreadbw,MB/s,read_activations,events,-0.0056900735474037407,0.034528737972761292,-0.027948586446996142,-0.004877624251496889,0.018261255554664516
acts_byp,events,wpq_full_cycles,cycles,0.010234677017707942,0.00057913141501573411,0.022667383759673664,0.028595957814692791,0.015519287501772533
cpu_util,percent,memwritebw,MB/s,-0.013360346270768391,-0.024348428171985015,-0.014966086585799182,-0.0059684480817939704,0.014660827277586639
drd_inserts,transactions,wpq_full_cycles,cycles,0.0080064103096570347,0.0054801918988472385,-0.008346879061405155,-0.034655196726728045,0.014122169499159369
drd_occupancy,request_seconds,wpq_full_cycles,cycles,0.0076257644479394157,0.0054507271638346653,-0.0083461092833782384,-0.03390788724563739,0.013832622035197428
drd_occ_agg,occupancy_cycles,wpq_full_cycles,cycles,0.0076257644479394123,0.0054507271638346679,-0.0083461092833782453,-0.03390788724563628,0.013832622035197152
memreadbw,MB/s,rpq_occ_agg,occupancy_cycles,-0.0027154577668228211,-0.03191328768358373,-0.015944554237338704,-0.0040671540344170637,0.01366011343054058
memreadbw,MB/s,rpq_occupancy,queue_entry_seconds,-0.0027154577668228211,-0.031913287683583744,-0.015944554237338798,-0.0040671540344160559,0.013660113430540355
l1_miss_latency,ns,wpq_full_cycles,cycles,0.029661597226002211,-0.011639741825629261,-0.003373223845446683,-0.0099469344483182533,0.013655374336349103
cpu_util,percent,read_activations,events,0.01191935775721779,0.02012696467547884,0.013591862616959509,-0.0045356493273641975,0.012543458594255085
acts_read,events,cpu_util,percent,0.011917377433598799,0.021569649052428301,0.012796696691115382,-0.0035679948945212077,0.012462929517915923
cpu_util,percent,rpq_occupancy,queue_entry_seconds,0.0087920181621876717,0.019146132562732447,0.012168772028971316,0.0050385295043355646,0.011286363064556749
cpu_util,percent,rpq_occ_agg,occupancy_cycles,0.0087920181621876665,0.019146132562732447,0.012168772028971341,0.0050385295043344448,0.011286363064556475
acts_byp,events,cpu_util,percent,0.012261189215057287,0.0052793334265472608,0.014806356190218275,-0.010295586002963042,0.010660616208696466
memreadbw,MB/s,wpq_full_cycles,cycles,-0.0096970484791523252,0.0091418913148696816,0.0044481121393056284,0.015092157573777793,0.0095948023767763561
cpu_util,percent,memreadbw,MB/s,-0.0071596965366739814,0.0036854144058976928,0.019682137454137244,-0.0069596756057815476,0.009371731000622616
cpu_util,percent,l1_miss_latency,ns,-0.0059495728516084923,0.027500813194851433,0.0011383129661721428,0.0018807330600589844,0.0091173580181727627
cpu_util,percent,drd_inserts,transactions,-0.0082404753897122179,0.004321525347957161,2.3234471884239926e-05,0.023179816529797708,0.0089412629348378323
cpu_util,percent,drd_occ_agg,occupancy_cycles,-0.0081896369605133131,0.0042242860830364144,3.5932394292237322e-07,0.022861293187886707,0.0088188938888448393
cpu_util,percent,drd_occupancy,request_seconds,-0.0081896369605133062,0.0042242860830363962,3.5932394287789901e-07,0.0228612931878809,0.00881889388884337
cpu_util,percent,wpq_full_cycles,cycles,0.016381287610233775,0.0055806262711383886,0.0023418382314464264,0.010259846684333865,0.008640899699288114
memwritebw,MB/s,wpq_full_cycles,cycles,-0.0016462603324020866,0.0005867119662280821,-0.001767527181634304,0.025077406524794694,0.0072694765012647914
cpu_util,percent,drd_latency,ns,0.0044515793285069497,-0.0046351528364137447,-0.011674444635053001,-0.006411487834378192,0.0067931661585879715
drd_latency,ns,wpq_full_cycles,cycles,-0.0011809419853624208,-0.0011049216575982964,-0.0049658988554122513,0.01383783292039812,0.0052723988546927725
