experiment,metric_a,unit_a,metric_b,unit_b,sample_count,covariance,correlation
correlation-fio-randwrite-cores1,drd_occ_agg,occupancy_cycles,drd_occupancy,request_seconds,60,905.25371265522415,1
correlation-fio-randwrite-cores1,rpq_occ_agg,occupancy_cycles,rpq_occupancy,queue_entry_seconds,60,8861.8690148118076,1
correlation-fio-randwrite-cores1,drd_inserts,transactions,drd_occ_agg,occupancy_cycles,60,31606543700.575138,0.99998765243471277
correlation-fio-randwrite-cores1,drd_inserts,transactions,drd_occupancy,request_seconds,60,13.169393208572975,0.99998765243471277
correlation-fio-randwrite-cores1,acts_read,events,read_activations,events,60,57771202013.149147,0.99252119920931292
correlation-fio-randwrite-cores1,acts_byp,events,read_activations,events,60,14829452748.01582,0.90182481192229402
correlation-fio-randwrite-cores1,acts_byp,events,acts_read,events,60,11104975275.240677,0.84233253700328137
correlation-fio-randwrite-cores1,acts_read,events,rpq_occupancy,queue_entry_seconds,60,384.8902075333761,0.69101572403156841
correlation-fio-randwrite-cores1,acts_read,events,rpq_occ_agg,occupancy_cycles,60,513058646641.98981,0.69101572403156797
correlation-fio-randwrite-cores1,read_activations,events,rpq_occupancy,queue_entry_seconds,60,467.54327913040009,0.67298279446172549
correlation-fio-randwrite-cores1,read_activations,events,rpq_occ_agg,occupancy_cycles,60,623235191080.82251,0.67298279446172493
correlation-fio-randwrite-cores1,cpu_util,percent,l1_miss_latency,ns,60,616.43180457627159,0.63298165868838197
correlation-fio-randwrite-cores1,drd_latency,ns,drd_occ_agg,occupancy_cycles,60,696639.8867988768,0.57083521180545393
correlation-fio-randwrite-cores1,drd_latency,ns,drd_occupancy,request_seconds,60,0.00029026661949953198,0.57083521180545393
correlation-fio-randwrite-cores1,drd_inserts,transactions,drd_latency,ns,60,10069.95779609387,0.56719090129353522
correlation-fio-randwrite-cores1,acts_byp,events,rpq_occupancy,queue_entry_seconds,60,82.653071597023953,0.52526532632210921
correlation-fio-randwrite-cores1,acts_byp,events,rpq_occ_agg,occupancy_cycles,60,110176544438.83278,0.52526532632210865
correlation-fio-randwrite-cores1,cpu_util,percent,drd_inserts,transactions,60,157493.98672033899,0.49986834930843493
correlation-fio-randwrite-cores1,cpu_util,percent,drd_occupancy,request_seconds,60,0.0044986414869067817,0.49852288636522707
correlation-fio-randwrite-cores1,cpu_util,percent,drd_occ_agg,occupancy_cycles,60,10796739.568576273,0.49852288636522701
correlation-fio-randwrite-cores1,memreadbw,MB/s,memwritebw,MB/s,60,133.57311838983057,0.48032929826954379
correlation-fio-randwrite-cores1,acts_byp,events,cpu_util,percent,60,410948.20108474582,0.45828712983143677
correlation-fio-randwrite-cores1,acts_byp,events,l1_miss_latency,ns,60,1834584.6385649703,0.45355286194808048
correlation-fio-randwrite-cores1,drd_inserts,transactions,l1_miss_latency,ns,60,564521.61695480219,0.39720236047153629
correlation-fio-randwrite-cores1,drd_occupancy,request_seconds,l1_miss_latency,ns,60,0.016157215635390774,0.3969262485725763
correlation-fio-randwrite-cores1,drd_occ_agg,occupancy_cycles,l1_miss_latency,ns,60,38777317.524937846,0.39692624857257619
correlation-fio-randwrite-cores1,l1_miss_latency,ns,read_activations,events,60,6954927.4903615788,0.38944413941551892
correlation-fio-randwrite-cores1,acts_read,events,l1_miss_latency,ns,60,5120342.8517966075,0.35761895784622372
correlation-fio-randwrite-cores1,cpu_util,percent,read_activations,events,60,1401517.5434067799,0.35400673364348229
correlation-fio-randwrite-cores1,acts_read,events,cpu_util,percent,60,990569.34232203406,0.31208061453310443
correlation-fio-randwrite-cores1,drd_latency,ns,l1_miss_latency,ns,60,15.521963291568865,0.28285423327668868
correlation-fio-randwrite-cores1,acts_byp,events,memwritebw,MB/s,60,133076.49861016951,0.23779659472389356
correlation-fio-randwrite-cores1,cpu_util,percent,memwritebw,MB/s,60,28.989427203389837,0.21515915454504822
correlation-fio-randwrite-cores1,read_activations,events,wpq_full_cycles,cycles,60,140847411131.79321,0.20864067861539365
correlation-fio-randwrite-cores1,acts_read,events,wpq_full_cycles,cycles,60,112351296270.6712,0.20758555556432998
correlation-fio-randwrite-cores1,acts_read,events,memreadbw,MB/s,60,-1353129.9323898314,-0.20654811166362513
correlation-fio-randwrite-cores1,acts_byp,events,drd_inserts,transactions,60,262518934.38531071,0.20060251142181118
correlation-fio-randwrite-cores1,acts_byp,events,drd_occupancy,request_seconds,60,7.4816360677678926,0.19961095223913292
correlation-fio-randwrite-cores1,acts_byp,events,drd_occ_agg,occupancy_cycles,60,17955926562.642937,0.19961095223913289
correlation-fio-randwrite-cores1,acts_byp,events,wpq_full_cycles,cycles,60,28496114861.122032,0.18636886628673699
correlation-fio-randwrite-cores1,l1_miss_latency,ns,memwritebw,MB/s,60,111.2768862711864,0.18309004912854829
correlation-fio-randwrite-cores1,drd_inserts,transactions,read_activations,events,60,962714552.26158178,0.16662327905330823
correlation-fio-randwrite-cores1,drd_occupancy,request_seconds,read_activations,events,60,27.434079186523551,0.16578322458046954
correlation-fio-randwrite-cores1,drd_occ_agg,occupancy_cycles,read_activations,events,60,65841790047.656487,0.16578322458046946
correlation-fio-randwrite-cores1,memwritebw,MB/s,read_activations,events,60,403080.50994915259,0.16313925402146057
correlation-fio-randwrite-cores1,memreadbw,MB/s,read_activations,events,60,-1321742.9940621473,-0.16175578420831435
correlation-fio-randwrite-cores1,drd_occ_agg,occupancy_cycles,rpq_occ_agg,occupancy_cycles,60,803113549663.63611,0.15852889665246764
correlation-fio-randwrite-cores1,drd_occupancy,request_seconds,rpq_occ_agg,occupancy_cycles,60,334.63064569318175,0.15852889665246764
correlation-fio-randwrite-cores1,drd_occupancy,request_seconds,rpq_occupancy,queue_entry_seconds,60,2.5103574320568725e-07,0.15852889665246728
correlation-fio-randwrite-cores1,drd_occ_agg,occupancy_cycles,rpq_occupancy,queue_entry_seconds,60,602.4857836936493,0.15852889665246725
correlation-fio-randwrite-cores1,drd_inserts,transactions,rpq_occ_agg,occupancy_cycles,60,11672135825.417513,0.15837294904006277
correlation-fio-randwrite-cores1,drd_inserts,transactions,rpq_occupancy,queue_entry_seconds,60,8.7562909417985662,0.15837294904006241
correlation-fio-randwrite-cores1,l1_miss_latency,ns,memreadbw,MB/s,60,318.20732751412459,0.15831281898027452
correlation-fio-randwrite-cores1,l1_miss_latency,ns,rpq_occupancy,queue_entry_seconds,60,0.026470467473614308,0.15489480684662596
correlation-fio-randwrite-cores1,l1_miss_latency,ns,rpq_occ_agg,occupancy_cycles,60,35285133.142327726,0.15489480684662538
correlation-fio-randwrite-cores1,acts_read,events,drd_inserts,transactions,60,700195617.87627113,0.15115637007168065
correlation-fio-randwrite-cores1,acts_read,events,drd_occupancy,request_seconds,60,19.95244311875566,0.15038869872272034
correlation-fio-randwrite-cores1,acts_read,events,drd_occ_agg,occupancy_cycles,60,47885863485.013557,0.15038869872272029
correlation-fio-randwrite-cores1,cpu_util,percent,wpq_full_cycles,cycles,60,5509920.7207966112,0.14967490457327071
correlation-fio-randwrite-cores1,rpq_occupancy,queue_entry_seconds,wpq_full_cycles,cycles,60,953.2908926124137,0.14757005596185924
correlation-fio-randwrite-cores1,rpq_occ_agg,occupancy_cycles,wpq_full_cycles,cycles,60,1270736759852.3459,0.1475700559618591
correlation-fio-randwrite-cores1,cpu_util,percent,rpq_occ_agg,occupancy_cycles,60,7420248.7422542376,0.14693456760603302
correlation-fio-randwrite-cores1,cpu_util,percent,rpq_occupancy,queue_entry_seconds,60,0.0055665782012409857,0.14693456760603285
correlation-fio-randwrite-cores1,acts_read,events,memwritebw,MB/s,60,270004.01133898308,0.13630312546723974
correlation-fio-randwrite-cores1,cpu_util,percent,drd_latency,ns,60,1.5659058355038142,0.12871883244699306
correlation-fio-randwrite-cores1,memwritebw,MB/s,rpq_occ_agg,occupancy_cycles,60,3644465.0361186438,0.11563598167649858
correlation-fio-randwrite-cores1,memwritebw,MB/s,rpq_occupancy,queue_entry_seconds,60,0.0027340322851602695,0.11563598167649838
correlation-fio-randwrite-cores1,memreadbw,MB/s,rpq_occupancy,queue_entry_seconds,60,-0.0086657448771811987,-0.11082592931077552
correlation-fio-randwrite-cores1,memreadbw,MB/s,rpq_occ_agg,occupancy_cycles,60,-11551437.921282502,-0.1108259293107752
correlation-fio-randwrite-cores1,l1_miss_latency,ns,wpq_full_cycles,cycles,60,17710418.392135538,0.1066527462045208
correlation-fio-randwrite-cores1,drd_latency,ns,memwritebw,MB/s,60,-0.80869117848421535,-0.10651550804983227
correlation-fio-randwrite-cores1,drd_inserts,transactions,memwritebw,MB/s,60,17747.645093220337,0.090258078977910869
correlation-fio-randwrite-cores1,cpu_util,percent,memreadbw,MB/s,60,39.983279745763163,0.089731461205689964
correlation-fio-randwrite-cores1,drd_occupancy,request_seconds,memwritebw,MB/s,60,0.00050386656661016976,0.089469075007108836
correlation-fio-randwrite-cores1,drd_occ_agg,occupancy_cycles,memwritebw,MB/s,60,1209279.7598644069,0.089469075007108781
correlation-fio-randwrite-cores1,drd_latency,ns,rpq_occupancy,queue_entry_seconds,60,0.00015260377564186903,0.071484335798655763
correlation-fio-randwrite-cores1,drd_latency,ns,rpq_occ_agg,occupancy_cycles,60,203420.83293061075,0.071484335798655554
correlation-fio-randwrite-cores1,drd_inserts,transactions,wpq_full_cycles,cycles,60,3821428432.6728811,0.071130281295431946
correlation-fio-randwrite-cores1,drd_occupancy,request_seconds,wpq_full_cycles,cycles,60,107.93793011444784,0.070147942226777879
correlation-fio-randwrite-cores1,drd_occ_agg,occupancy_cycles,wpq_full_cycles,cycles,60,259051032274.67459,0.07014794222677781
correlation-fio-randwrite-cores1,acts_read,events,drd_latency,ns,60,-7952.3223515082827,-0.044461675907655519
correlation-fio-randwrite-cores1,drd_inserts,transactions,memreadbw,MB/s,60,27853.095149717552,0.042831663604473186
correlation-fio-randwrite-cores1,drd_occupancy,request_seconds,memreadbw,MB/s,60,0.00079178715363936085,0.042512043940159873
correlation-fio-randwrite-cores1,drd_occ_agg,occupancy_cycles,memreadbw,MB/s,60,1900289.1687344653,0.042512043940159852
correlation-fio-randwrite-cores1,drd_latency,ns,read_activations,events,60,-8882.4661494939755,-0.039815895540693674
correlation-fio-randwrite-cores1,memwritebw,MB/s,wpq_full_cycles,cycles,60,-805828.47442372912,-0.035075182344754492
correlation-fio-randwrite-cores1,drd_latency,ns,wpq_full_cycles,cycles,60,-60618.93903761595,-0.029222805907501464
correlation-fio-randwrite-cores1,memreadbw,MB/s,wpq_full_cycles,cycles,60,-1973743.6367965997,-0.025977311410384559
correlation-fio-randwrite-cores1,acts_byp,events,drd_latency,ns,60,-930.14379798569269,-0.018408169927655305
correlation-fio-randwrite-cores1,acts_byp,events,memreadbw,MB/s,60,31386.938327683885,0.016958965211325051
correlation-fio-randwrite-cores1,drd_latency,ns,memreadbw,MB/s,60,0.360092741492895,0.014341369797125863
